"","Sample","Core","Date_bp_mean","Date_CE_mean","year","d13C.GAM.fit","d13C.GAM.fit.se","d13C.GAM.fit.uppCI","d13C.GAM.fit.lwrCI","d13C.100yrspline","year","d18O.GAM.fit","d18O.GAM.fit.se","d18O.GAM.fit.uppCI","d18O.GAM.fit.lwrCI","d18O.100yrspline","year","SeaIceIndex.GAM.fit","SeaIceIndex.GAM.fit.se","SeaIceIndex.GAM.fit.uppCI","SeaIceIndex.GAM.fit.lwrCI","SeaIceIndex.100yrspline","yearCE","yearBP","MD99-2275sstAlkenone.GAM.fit","MD99-2275sstAlkenone.GAM.fit.se","MD99-2275sstAlkenone.GAM.fit.uppCI","MD99-2275sstAlkenone.GAM.fit.lwrCI","MD99-2275sstAlkenone.100yrspline","yearCE","yearBP","MD99-2275sstDiatom.GAM.fit","MD99-2275sstDiatom.GAM.fit.se","MD99-2275sstDiatom.GAM.fit.uppCI","MD99-2275sstDiatom.GAM.fit.lwrCI","MD99-2275sstDiatom.100yrspline","yearCE","yearBP","MD99-2275IP25.GAM.fit","MD99-2275IP25.GAM.fit.se","MD99-2275IP25.GAM.fit.uppCI","MD99-2275IP25.GAM.fit.lwrCI","MD99-2275IP25.100yrspline"
"1","GC1-000","GC1",282,1668,1668,2.08260961428213,0.0444510021607506,2.1697335785172,1.99548565004706,2.03994066151357,1668,3.66075823180974,0.0407926081556045,3.74071174379473,3.58080471982476,3.64822513549201,1668,0.73661754213665,0.346557937411373,1.41587109946294,0.0573639848103593,0.74908600641586,1668,282,7.66971480772212,0.115772617749876,7.89662913851187,7.44280047693236,7.54607534315757,1668,282,6.93455534350232,0.0452384694352439,7.0232227435954,6.84588794340924,6.95100902295689,1668,282,2.1285187857636,0.166912494270873,2.45566727453451,1.80137029699269,2.0100038872692
"2","GC1-004","GC1",355,1595,1595,2.09159134955162,0.0447447064645099,2.17929097422205,2.00389172488118,2.10963079369543,1595,3.69999334911784,0.0410024639280363,3.78035817841679,3.61962851981889,3.75004163767832,NA,NA,NA,NA,NA,NA,1595,355,7.83287985494923,0.117528000882144,8.06323473667823,7.60252497322023,7.72015874486487,1595,355,6.96694833094035,0.0462200978181426,7.05753972266391,6.87635693921679,6.97289619554945,1595,355,0.716997411940784,0.160266391996009,1.03111954025296,0.402875283628607,0.833631125919758
"3","GC1-008","GC1",429,1521,1521,2.01035924612047,0.0444854931813632,2.09755081275595,1.923167679485,2.02894895274167,1521,3.5717768546397,0.0408173784458425,3.65177891639355,3.49177479288585,3.60797347959895,NA,NA,NA,NA,NA,NA,1521,429,7.94339760488493,0.11443181220589,8.16768395680847,7.71911125296138,7.88872571526353,1521,429,7.00659013637709,0.0477608441187103,7.10020139084976,6.91297888190442,7.01173586796811,1521,429,0.43857450590653,0.157941446599568,0.748139741241683,0.129009270571378,0.607287241427185
"4","GC1-012","GC1",504,1446,1446,2.14583022959351,0.044726458382507,2.23349408802322,2.05816637116379,2.15310002808372,1446,3.66462738474606,0.040989498349617,3.74496680151131,3.58428796798081,3.63547477115787,NA,NA,NA,NA,NA,NA,1446,504,7.91037206599636,0.105906133538346,8.11794808773152,7.7027960442612,8.05723918258755,1446,504,7.05907222456542,0.0492974700288799,7.15569526582203,6.96244918330882,7.06987234148357,1446,504,0.480269899242921,0.146130773502548,0.766686215307914,0.193853583177928,0.588223656809664
"5","GC1-016","GC1",579,1371,1371,1.48510399256766,0.0444753152549527,1.57227561046736,1.39793237466795,1.66879852282141,1371,3.29010734599769,0.0408100038667413,3.3700949535765,3.21011973841887,3.44029468711403,NA,NA,NA,NA,NA,NA,1371,579,7.91298933056649,0.119862146616514,8.14791913793486,7.67805952319813,8.2096361522975,1371,579,7.12605349207273,0.0509619891577513,7.22593899082193,7.02616799332354,7.14408684036038,1371,579,0.937943409218778,0.169351085614913,1.26987153702401,0.606015281413548,0.840528252117175
"6","GC1-020","GC1",655,1295,1295,1.97811247286893,0.0447622889725425,2.06584655925511,1.89037838648275,1.96528475807285,1295,3.37897600068159,0.0410151076163515,3.45936561160964,3.29858638975354,3.46229594824409,NA,NA,NA,NA,NA,NA,1295,655,8.49023323173668,0.133697969789003,8.75228125252312,8.22818521095023,8.35511174265967,1295,655,7.2051127427836,0.0528143721090732,7.30862891211738,7.10159657344981,7.2311316414893,1295,655,0.598733915889863,0.18673751366356,0.96473944267044,0.232728389109286,0.641213383312509
"7","GC1-024","GC1",734,1216,1216,2.17651319271435,0.044523878082953,2.26377999375694,2.08924639167177,2.2575819220844,1216,3.55485247635071,0.0408454045458389,3.63490946926055,3.47479548344086,3.57553011440927,NA,NA,NA,NA,NA,NA,1216,734,8.83836209725593,0.14421914182297,9.12103161522895,8.55569257928291,8.46016998658316,1216,734,7.2898796455387,0.054808516679355,7.39730433823024,7.18245495284717,7.32140924931201,1216,734,0.304745855888475,0.196604602815282,0.690090877406428,-0.0805991656294774,0.299925170068027
"8","GC1-028","GC1",813,1137,1137,2.26428395389426,0.0444253077129281,2.3513575570116,2.17721035077692,2.24802182003074,1137,3.66233995723832,0.0407732684449052,3.74225556339033,3.5824243510863,3.64574172122258,NA,NA,NA,NA,NA,NA,1137,813,8.8995126210804,0.141499961417633,9.17685254545896,8.62217269670184,8.508726257989,1137,813,7.36801762165895,0.0569241120211494,7.47958888122041,7.2564463620975,7.3896978367057,1137,813,0.201162398214735,0.210238752434653,0.613230352986655,-0.210905556557185,0.210344439816743
"9","GC1-032","GC1",890,1060,1060,1.74651492531022,0.0450249264712537,1.83476378119387,1.65826606942656,1.7510902825424,1060,3.4770722023651,0.0412028604931108,3.5578298089316,3.39631459579861,3.52074224751701,NA,NA,NA,NA,NA,NA,1060,890,9.04568034924092,0.138567473755746,9.31727259780219,8.77408810067966,8.50144856808507,1060,890,7.43411899653227,0.0593928375917476,7.5505289582121,7.31770903485244,7.43906800818094,1060,890,0.392588599401547,0.192483612230196,0.769856479372731,0.0153207194303629,0.357257633376154
"10","GC1-036","GC1",965,985,985,2.23886672116955,0.043299597322268,2.32373393192119,2.1539995104179,2.17670115299332,985,3.46647657242915,0.040171156055899,3.54521203829871,3.38774110655959,3.48209953585794,NA,NA,NA,NA,NA,NA,985,965,8.69412152093947,0.140394882289678,8.96929549022724,8.4189475516517,8.44530108577772,985,965,7.48889265466386,0.062300864732523,7.61100234953961,7.36678295978812,7.47659193832515,985,965,0.391844618832297,0.196739331336202,0.777453708251253,0.00623552941334032,0.393315118765471
"11","GC1-040","GC1",1037,913,NA,NA,NA,NA,NA,NA,NA,NA,NA,NA,NA,NA,NA,NA,NA,NA,NA,NA,913,1037,8.12737972922998,0.141695344480478,8.40510260441172,7.84965685404825,8.36905467038738,913,1037,7.53442800356855,0.0652035288362573,7.66222692008761,7.40662908704948,7.50684811913399,NA,1037,NA,NA,NA,NA,NA
"12","GC1-044","GC1",1112,838,NA,NA,NA,NA,NA,NA,NA,NA,NA,NA,NA,NA,NA,NA,NA,NA,NA,NA,838,1112,8.04286658403428,0.141605406001024,8.32041317979629,7.76531998827228,8.28798566013257,838,1112,7.57727504168231,0.0679114966050906,7.71038157502829,7.44416850833634,7.53630280425757,NA,1112,NA,NA,NA,NA,NA
"13","GC1-048","GC1",1184,766,NA,NA,NA,NA,NA,NA,NA,NA,NA,NA,NA,NA,NA,NA,NA,NA,NA,NA,766,1184,7.98238949397459,0.1411922414726,8.25912628726088,7.70565270068829,8.21726316714462,766,1184,7.61582450751966,0.0699881694392733,7.75300131962063,7.47864769541868,7.56940431103325,NA,1184,NA,NA,NA,NA,NA
"14","GC1-052","GC1",1250,700,NA,NA,NA,NA,NA,NA,NA,NA,NA,NA,NA,NA,NA,NA,NA,NA,NA,NA,700,1250,7.77934354088412,0.14243489469922,8.05851593449459,7.50017114727365,8.1712954104137,700,1250,7.64973192748842,0.0714158091851425,7.7897069134913,7.50975694148554,7.60558741737079,NA,1250,NA,NA,NA,NA,NA
"15","GC1-056","GC1",1312,638,NA,NA,NA,NA,NA,NA,NA,NA,NA,NA,NA,NA,NA,NA,NA,NA,NA,NA,638,1312,7.88889847597206,0.142307366976739,8.16782091524647,7.60997603669766,8.15246659657543,638,1312,7.6803269201559,0.0723850915226186,7.82220169954024,7.53845214077157,7.64622072234081,NA,1312,NA,NA,NA,NA,NA
"16","GC1-060","GC1",1374,576,NA,NA,NA,NA,NA,NA,NA,NA,NA,NA,NA,NA,NA,NA,NA,NA,NA,NA,576,1374,8.28200403689838,0.142285600578185,8.56088381403162,8.00312425976514,8.15833086857932,576,1374,7.70899542035197,0.0730691803250343,7.85221101378904,7.56577982691491,7.68698640768366,NA,1374,NA,NA,NA,NA,NA
"17","GC1-064","GC1",1435,515,NA,NA,NA,NA,NA,NA,NA,NA,NA,NA,NA,NA,NA,NA,NA,NA,NA,NA,515,1435,8.46126381124838,0.142386840493855,8.74034201861634,8.18218560388043,8.18443983642605,515,1435,7.73449654983269,0.0735491481798066,7.87865288026511,7.59034021940027,7.72196898441254,NA,1435,NA,NA,NA,NA,NA
"18","GC1-068","GC1",1496,454,NA,NA,NA,NA,NA,NA,NA,NA,NA,NA,NA,NA,NA,NA,NA,NA,NA,NA,454,1496,8.33801827306319,0.14182220874286,8.6159898021992,8.06004674392718,8.21841949970493,454,1496,7.75706638280802,0.0739260655931644,7.90196147137063,7.61217129424542,7.75225551703132,NA,1496,NA,NA,NA,NA,NA
"19","GC1-072","GC1",1555,395,NA,NA,NA,NA,NA,NA,NA,NA,NA,NA,NA,NA,NA,NA,NA,NA,NA,NA,395,1555,8.23154745035783,0.142595468562468,8.51103456874027,7.9520603319754,8.24909699271432,395,1555,7.77630763840445,0.0742750238457631,7.92188668514214,7.63072859166675,7.77192232603089,NA,1555,NA,NA,NA,NA,NA
"20","GC1-076","GC1",1615,335,NA,NA,NA,NA,NA,NA,NA,NA,NA,NA,NA,NA,NA,NA,NA,NA,NA,NA,335,1615,8.21572255114786,0.142420826792768,8.49486737166169,7.93657773063404,8.27699466470058,335,1615,7.79378430841385,0.0747015479216596,7.9401993423403,7.6473692744874,7.78200570593688,NA,1615,NA,NA,NA,NA,NA
"21","GC1-080","GC1",1677,273,NA,NA,NA,NA,NA,NA,NA,NA,NA,NA,NA,NA,NA,NA,NA,NA,NA,NA,273,1677,8.14818356107436,0.142033249943411,8.42656873096345,7.86979839118528,8.32540912059006,273,1677,7.81079573475492,0.0753086220302764,7.95840063393426,7.66319083557558,7.78561351299446,NA,1677,NA,NA,NA,NA,NA
"22","GC1-084","GC1",1747,203,NA,NA,NA,NA,NA,NA,NA,NA,NA,NA,NA,NA,NA,NA,NA,NA,NA,NA,203,1747,8.18986926827179,0.14417476706748,8.47245181172405,7.90728672481953,8.3913592725475,203,1747,7.83014480295788,0.0763047156026353,7.97970204553905,7.68058756037671,7.80186360839841,NA,1747,NA,NA,NA,NA,NA
"23","GC1-088","GC1",1820,130,NA,NA,NA,NA,NA,NA,NA,NA,NA,NA,NA,NA,NA,NA,NA,NA,NA,NA,130,1820,8.55535779606185,0.143344903994077,8.83631380789024,8.27440178423346,8.47584663943292,130,1820,7.85103887941608,0.0778003691514767,8.00352760295297,7.69855015587918,7.82472885298899,NA,1820,NA,NA,NA,NA,NA
"24","GC1-092","GC1",1893,57,NA,NA,NA,NA,NA,NA,NA,NA,NA,NA,NA,NA,NA,NA,NA,NA,NA,NA,57,1893,8.6615284842599,0.141556257310515,8.93897874858851,8.3840782199313,8.56320773804166,57,1893,7.87290622258424,0.0798154727371426,8.02934454914904,7.71646789601945,7.85583277624173,NA,1893,NA,NA,NA,NA,NA
"25","GC1-096","GC1",1966,-16,NA,NA,NA,NA,NA,NA,NA,NA,NA,NA,NA,NA,NA,NA,NA,NA,NA,NA,-16,1966,8.38948828640428,0.144622604852031,8.67294859191426,8.1060279808943,8.64162317983276,-16,1966,7.89573822122412,0.0823022316450767,8.05705059524847,7.73442584719977,7.88668495519084,NA,1966,NA,NA,NA,NA,NA
"26","GC1-100","GC1",2039,-89,NA,NA,NA,NA,NA,NA,NA,NA,NA,NA,NA,NA,NA,NA,NA,NA,NA,NA,-89,2039,8.54288229638575,0.145464738118536,8.82799318309808,8.25777140967342,8.7472485843739,-89,2039,7.91917917656456,0.0850553505120158,8.08588766356811,7.75247068956101,7.92710705384843,NA,2039,NA,NA,NA,NA,NA
"27","GC1-104","GC1",2111,-161,NA,NA,NA,NA,NA,NA,NA,NA,NA,NA,NA,NA,NA,NA,NA,NA,NA,NA,-161,2111,9.1099235145526,0.141117016943146,9.38651286776117,8.83333416134404,8.87326599196705,-161,2111,7.94131748595997,0.0877500625609363,8.11330760857941,7.76932736334054,7.9738899740824,NA,2111,NA,NA,NA,NA,NA
"28","GC1-108","GC1",2185,-235,NA,NA,NA,NA,NA,NA,NA,NA,NA,NA,NA,NA,NA,NA,NA,NA,NA,NA,-235,2185,9.35715237334407,0.14090402560231,9.6333242635246,9.08098048316355,8.97551380047924,-235,2185,7.96003333277509,0.0902053343311921,8.13683578806423,7.78323087748595,8.01302412391868,NA,2185,NA,NA,NA,NA,NA
"29","GC1-112","GC1",2259,-309,NA,NA,NA,NA,NA,NA,NA,NA,NA,NA,NA,NA,NA,NA,NA,NA,NA,NA,-309,2259,9.18167221784785,0.143007567254897,9.46196704966745,8.90137738602825,9.04970692194853,-309,2259,7.97271432719166,0.0922178108502755,8.1534612364582,7.79196741792512,8.01922280367774,NA,2259,NA,NA,NA,NA,NA
"30","GC1-116","GC1",2332,-382,NA,NA,NA,NA,NA,NA,NA,NA,NA,NA,NA,NA,NA,NA,NA,NA,NA,NA,-382,2332,9.01449211937227,0.149443039982427,9.30740047773783,8.72158376100671,9.11011634992207,-382,2332,7.9800747558153,0.0937458810297952,8.1638166826337,7.7963328289969,8.00538394345312,NA,2332,NA,NA,NA,NA,NA
"31","GC1-120","GC1",2405,-455,NA,NA,NA,NA,NA,NA,NA,NA,NA,NA,NA,NA,NA,NA,NA,NA,NA,NA,-455,2405,9.18986458766673,0.147739573314377,9.47943415136291,8.90029502397056,9.17861475048698,-455,2405,7.98445540534944,0.0948418998222601,8.17034552900107,7.79856528169781,7.98785518091014,NA,2405,NA,NA,NA,NA,NA
"32","GC1-124","GC1",2477,-527,NA,NA,NA,NA,NA,NA,NA,NA,NA,NA,NA,NA,NA,NA,NA,NA,NA,NA,-527,2477,9.60779139904303,0.140334609758486,9.88284723416966,9.3327355639164,9.23535568249048,-527,2477,7.98776543168541,0.0955657307014413,8.17507426386024,7.80045659951059,7.97233971380901,NA,2477,NA,NA,NA,NA,NA
"33","GC1-128","GC1",2549,-599,NA,NA,NA,NA,NA,NA,NA,NA,NA,NA,NA,NA,NA,NA,NA,NA,NA,NA,-599,2549,9.47335128052551,0.140445219941995,9.74862391161182,9.1980786494392,9.23773023209852,-599,2549,7.9912948309806,0.0959986745392167,8.17945223307747,7.80313742888374,7.95496221739755,NA,2549,NA,NA,NA,NA,NA
"34","GC1-132","GC1",2623,-673,NA,NA,NA,NA,NA,NA,NA,NA,NA,NA,NA,NA,NA,NA,NA,NA,NA,NA,-673,2623,9.01080582971281,0.140487551708901,9.28616143106226,8.73545022836337,9.22200852114662,-673,2623,7.99628405632265,0.0962049418999398,8.18484574244653,7.80772237019876,7.93694797950362,NA,2623,NA,NA,NA,NA,NA
"35","GC1-136","GC1",2696,-746,NA,NA,NA,NA,NA,NA,NA,NA,NA,NA,NA,NA,NA,NA,NA,NA,NA,NA,-746,2696,9.35075896597066,0.14348369045161,9.63198699925581,9.0695309326855,9.20923955164036,-746,2696,8.00425361096969,0.0962274033533538,8.19285932154227,7.81564790039712,7.94180817960028,NA,2696,NA,NA,NA,NA,NA
"36","GC1-140","GC1",2770,-820,NA,NA,NA,NA,NA,NA,NA,NA,NA,NA,NA,NA,NA,NA,NA,NA,NA,NA,-820,2770,9.71895365539212,0.144415895576499,10.0020088107221,9.43589850006218,9.19063364491007,-820,2770,8.0164276372434,0.0961020908434834,8.20478773529663,7.82806753919017,7.9812145422961,NA,2770,NA,NA,NA,NA,NA
"37","GC1-144","GC1",2842,-892,NA,NA,NA,NA,NA,NA,NA,NA,NA,NA,NA,NA,NA,NA,NA,NA,NA,NA,-892,2842,9.15674424906269,0.142845218278662,9.43672087688887,8.87676762123651,9.13917755169202,-892,2842,8.03111874810924,0.0958770446553692,8.21903775563376,7.84319974058471,8.02645635752244,NA,2842,NA,NA,NA,NA,NA
"38","GC1-148","GC1",2914,-964,NA,NA,NA,NA,NA,NA,NA,NA,NA,NA,NA,NA,NA,NA,NA,NA,NA,NA,-964,2914,8.67291697017396,0.140021857786486,8.94735981143548,8.39847412891245,9.05877546515813,-964,2914,8.0465962369913,0.0955730337966111,8.23391938323266,7.85927309074994,8.05807309065548,NA,2914,NA,NA,NA,NA,NA
"39","GC1-152","GC1",2988,-1038,NA,NA,NA,NA,NA,NA,NA,NA,NA,NA,NA,NA,NA,NA,NA,NA,NA,NA,-1038,2988,8.84760788709204,0.137795432997819,9.11768693576776,8.57752883841631,8.98006496418812,-1038,2988,8.06144999521137,0.0952145069253773,8.2480704287851,7.87482956163763,8.08345294716823,NA,2988,NA,NA,NA,NA,NA
"40","GC1-156","GC1",3061,-1111,NA,NA,NA,NA,NA,NA,NA,NA,NA,NA,NA,NA,NA,NA,NA,NA,NA,NA,-1111,3061,9.10072079730016,0.136769527688963,9.36878907157053,8.8326525230298,8.92600064719086,-1111,3061,8.07334869062049,0.0948633047525635,8.25928076793552,7.88741661330547,8.10415957795883,NA,3061,NA,NA,NA,NA,NA
"41","GC1-160","GC1",3135,-1185,NA,NA,NA,NA,NA,NA,NA,NA,NA,NA,NA,NA,NA,NA,NA,NA,NA,NA,-1185,3135,9.06414150335062,0.1358326225865,9.33037344362016,8.79790956308108,8.86302051899557,-1185,3135,8.08168863782661,0.0945425183456632,8.26699197378411,7.89638530186911,8.11657099028761,NA,3135,NA,NA,NA,NA,NA
"42","GC1-164","GC1",3211,-1261,NA,NA,NA,NA,NA,NA,NA,NA,NA,NA,NA,NA,NA,NA,NA,NA,NA,NA,-1261,3211,8.81651815234592,0.135750369852054,9.08258887725594,8.55044742743589,8.79685766042127,-1261,3211,8.0870392413163,0.0942764535723686,8.27182109031814,7.90225739231446,8.1057848617937,NA,3211,NA,NA,NA,NA,NA
"43","GC1-168","GC1",3286,-1336,NA,NA,NA,NA,NA,NA,NA,NA,NA,NA,NA,NA,NA,NA,NA,NA,NA,NA,-1336,3286,8.50099622091813,0.136432313092157,8.76840355457876,8.23358888725751,8.73573024922402,-1336,3286,8.09072063718662,0.0940796652371452,8.27511678105143,7.90632449332182,8.08883509092497,NA,3286,NA,NA,NA,NA,NA
"44","GC1-172","GC1",3360,-1410,NA,NA,NA,NA,NA,NA,NA,NA,NA,NA,NA,NA,NA,NA,NA,NA,NA,NA,-1410,3360,8.30484354591738,0.138538266400949,8.57637854806323,8.03330854377152,8.69337224332429,-1410,3360,8.09409219281861,0.0939475756905909,8.27822944117217,7.90995494446506,8.0819747798822,NA,3360,NA,NA,NA,NA,NA
"45","GC1-176","GC1",3434,-1484,NA,NA,NA,NA,NA,NA,NA,NA,NA,NA,NA,NA,NA,NA,NA,NA,NA,NA,-1484,3434,8.55974777207342,0.137173010590799,8.82860687283139,8.29088867131546,8.67061296009819,-1484,3434,8.0973839619665,0.0938697749084143,8.281368720787,7.91339920314601,8.09568099432072,NA,3434,NA,NA,NA,NA,NA
"46","GC1-180","GC1",3511,-1561,NA,NA,NA,NA,NA,NA,NA,NA,NA,NA,NA,NA,NA,NA,NA,NA,NA,NA,-1561,3511,9.02577175339867,0.138360268514737,9.29695787968755,8.75458562710978,8.6585690590171,-1561,3511,8.09985321670678,0.0938307355006054,8.28376145828797,7.9159449751256,8.10686885235886,NA,3511,NA,NA,NA,NA,NA
"47","PC019-23","PC019",225,1725,1725,2.41173772984951,0.0447403241155862,2.49942876511606,2.32404669458296,2.33630974760774,1725,3.64142392699079,0.0409989123502129,3.72178179519721,3.56106605878437,3.56039823866222,1725,1.32657852721242,0.345615045519013,2.00398401642969,0.649173037995154,1.32859682397335,1725,225,7.43059029419283,0.103433231560803,7.633319428052,7.22786116033365,7.40951745547162,1725,225,6.91050732172422,0.0463378500312164,7.00132950778541,6.81968513566304,6.9437409821377,1725,225,1.19688924277517,0.141660081572205,1.47454300265669,0.919235482893644,1.36484520338748
"48","PC019-25","PC019",236,1714,1714,2.36004774623424,0.0444635306403829,2.44719626628939,2.27289922617909,2.29597952419888,1714,3.62453887780782,0.0408020317353336,3.70451086000907,3.54456689560656,3.58339217072686,1714,1.31360379922924,0.345611467324059,1.9910022751844,0.636205323274086,1.30581055223812,1714,236,7.47006702452391,0.105182007720512,7.67622375965611,7.2639102893917,7.43600859432635,1714,236,6.91522423857873,0.0458970595237342,7.00518247524525,6.82526600191221,6.94514358650632,1714,236,1.18314841387869,0.154518392893476,1.48600446394991,0.880292363807481,1.46112383729002
"49","PC019-27","PC019",244,1706,1706,2.23599276576555,0.0446273537190737,2.32346237905494,2.14852315247617,2.24468797579148,1706,3.57818742698555,0.0409180915581123,3.65838688643945,3.49798796753165,3.58980422371774,1706,1.3130209017766,0.345616614152186,1.99042946551488,0.635612338038317,1.29759180665086,1706,244,7.50309340231174,0.107014726772893,7.71284226678661,7.29334453783687,7.45527655677331,1706,244,6.91861754681532,0.0456563453282616,7.00810398365871,6.82913110997192,6.94616366241076,1706,244,1.40261969671892,0.160474472136204,1.71714966210588,1.08808973133196,1.6127908510343
"50","PC019-29","PC019",251,1699,1699,2.13042344443732,0.0447457721899796,2.21812515792968,2.04272173094496,2.19492904372946,1699,3.55957804456015,0.0410035575166234,3.63994501729273,3.47921107182757,3.59485244564235,1699,1.28385148073149,0.345625498102452,1.96127745701229,0.606425504450681,1.26449967298905,1699,251,7.53387601001142,0.108915593567281,7.74735057340329,7.32040144661954,7.47205258770589,1699,251,6.92156706655631,0.045495395012753,7.01073804078131,6.83239609233132,6.94705622882716,1699,251,1.72898994956193,0.16451667599695,2.05144263451595,1.40653726460791,1.77014854921561
"51","PC019-31","PC019",261,1689,1689,2.07338364928009,0.0444508237161813,2.1605072637638,1.98626003479637,2.13338144112496,1689,3.59835929684337,0.0407924074220057,3.6783124153905,3.51840617829624,3.60980843051234,1689,1.14870347163629,0.345632486042314,1.82614314427923,0.471263798993358,1.13357936302126,1689,261,7.57913067154837,0.111738044157312,7.7981372380967,7.36012410500004,7.49584032574392,1689,261,6.92575978662708,0.0453378045360694,7.01462188351778,6.83689768973639,6.94833132370772,1689,261,2.19108575712246,0.167472836251885,2.51933251617616,1.86283899806877,1.97126752741914
"52","PC019-33","PC019",272,1678,1678,2.10560845675505,0.0447492325675339,2.19331695258741,2.01789996092268,2.08035202624188,1678,3.66522842156218,0.0410059456001565,3.74560007493849,3.58485676818587,3.63100202212301,1678,0.910541014209756,0.34581669438091,1.58834173519634,0.232740293223174,0.910955117929144,1678,272,7.62810301606328,0.114332556999776,7.85219482778284,7.40401120434372,7.52196674057779,1678,272,6.93036171861406,0.0452508934000992,7.01905346967826,6.84166996754987,6.94973392807633,1678,272,2.33559304808427,0.166603901428878,2.66213669488487,2.00904940128367,2.0540621963071
"53","PC019-35","PC019",282,1668,1668,2.08260961428213,0.0444510021607506,2.1697335785172,1.99548565004706,2.03994066151357,1668,3.66075823180974,0.0407926081556045,3.74071174379473,3.58080471982476,3.64822513549201,1668,0.73661754213665,0.346557937411373,1.41587109946294,0.0573639848103593,0.74908600641586,1668,282,7.66971480772212,0.115772617749876,7.89662913851187,7.44280047693236,7.54607534315757,1668,282,6.93455534350232,0.0452384694352439,7.0232227435954,6.84588794340924,6.95100902295689,1668,282,2.1285187857636,0.166912494270873,2.45566727453451,1.80137029699269,2.0100038872692
"54","PC019-37","PC019",292,1658,1658,1.97759249793517,0.0447622886879388,2.06532658376353,1.88985841210681,2.01368361996654,1658,3.61222560955614,0.0410151074114348,3.69261522008255,3.53183599902973,3.66533434658396,1658,0.681220498470712,0.348336237827099,1.36395952461183,-0.00151852767040128,0.697820522762167,1658,292,7.70699787770422,0.116242295717663,7.93483277731084,7.4791629780976,7.57028988797809,1658,292,6.93877671515347,0.0452781184669898,7.02752182734877,6.85003160295817,6.95228411783746,1658,292,1.85997898521193,0.16418323228987,2.18177812050007,1.53817984992378,1.8795918367347
"55","PC019-39","PC019",302,1648,1648,1.91141428204321,0.044450717810868,1.99853768895251,1.82429087513391,2.00798964015547,1648,3.61960139861564,0.0407925600262548,3.6995548162671,3.53964798096418,3.69674969722331,1648,0.764175012404612,0.351019115596543,1.45217247897384,0.0761775458353874,0.777033417882656,1648,302,7.73913993085999,0.116038011058631,7.96657443253491,7.51170542918508,7.59456442345142,1648,302,6.94304247822994,0.045359855943774,7.03194779587974,6.85413716058014,6.95355921271802,1648,302,1.68190175101284,0.15992568955879,1.99535610254807,1.36844739947761,1.69057823129252
"56","PC019-41","PC019",312,1638,1638,1.97950668150723,0.0447501252250762,2.06721692694838,1.89179643606608,2.03291081855733,1638,3.72698609308293,0.041006286469287,3.80735841456273,3.64661377160313,3.74410690783496,1638,0.948973833127009,0.352868109292141,1.64059532733961,0.257352338914412,0.954456041383593,1638,312,7.76583609209144,0.115607562863841,7.99242691530457,7.53924526887831,7.61866742273031,1638,312,6.94736780039993,0.0454754882639184,7.03649975739721,6.85823584340265,6.95587779290045,1638,312,1.56810617945174,0.158658925863576,1.87907767414435,1.25713468475913,1.50241704845204
"57","PC019-43","PC019",322,1628,1628,2.11682114812313,0.0444745233449223,2.20399121387918,2.02965108236708,2.0732638322663,1628,3.85863152979225,0.0408096551523493,3.93861845389086,3.77864460569365,3.78716467034781,1628,1.18050457675966,0.353479377315644,1.87332415629832,0.487684997220995,1.17982298528784,1628,322,7.78730197141061,0.115381138113108,8.0134490021123,7.56115494070892,7.6425683714456,1628,322,6.95176631771696,0.0456185338465992,7.04117864405629,6.86235399137763,6.95915641109089,1628,322,1.331851561355,0.161900364196391,1.64917627517992,1.01452684753007,1.29367346938776
"58","PC019-45","PC019",332,1618,1618,2.18768328099562,0.0447161279644512,2.27532689180594,2.10003967018529,2.10257368345424,1618,3.90608673999045,0.0409819145914332,3.98641129258966,3.82576218739125,3.80315061501339,1618,1.43052451393049,0.37239309181303,2.16041497388403,0.700634053976955,1.42647378163887,1618,332,7.80428216917998,0.11562938534048,8.03091576444732,7.57764857391264,7.66625770492287,1618,332,6.95625027337146,0.0457836122118815,7.04598615330675,6.86651439343618,6.96298897351264,1618,332,1.05244497589662,0.166928188495034,1.37962422534689,0.725265726446356,1.12656532000556
"59","PC019-47","PC019",341,1609,1609,2.16202512934995,0.0445551597287637,2.24935324241832,2.07469701628157,2.1144896690033,1609,3.85264662869852,0.0408673111428829,3.93274655853857,3.77254669885846,3.79197294661006,1609,1.67276384441961,0.46183518221702,2.57796080156497,0.767566887274251,1.66546093795955,1609,341,7.81667216364766,0.116261088595076,8.04454389729401,7.58880043000131,7.68756286456224,1609,341,6.96036821812399,0.045946926304208,7.05042419368023,6.87031224256774,6.96672241099673,1609,341,0.862687774736446,0.165479454535591,1.1870275056262,0.538348043846687,0.992557961960297
"60","PC019-49","PC019",351,1599,1599,2.10493402807521,0.0446259721659398,2.19240093352045,2.01746712262997,2.11359836249442,1599,3.74173808775736,0.040917453638678,3.82193629688917,3.66153987862555,3.7625751535481,NA,NA,NA,NA,NA,NA,1599,351,7.82845369792947,0.117175316739967,8.05811731873981,7.59879007711914,7.71096770885598,1599,351,6.96504523756956,0.0461402511923098,7.05548012990649,6.87461034523263,6.97109770243705,1599,351,0.739816799400092,0.160716650194623,1.05482143378155,0.424812165018631,0.873103567957798
"61","PC019-51","PC019",361,1589,1589,2.08541928758197,0.0446137956676808,2.17286232709063,1.99797624807332,2.09965164259046,1589,3.65267430682108,0.0409091626665828,3.73285626564758,3.57249234799458,3.73427221398883,NA,NA,NA,NA,NA,NA,1589,361,7.83947954008907,0.117967897076905,8.0706966183598,7.60826246181834,7.73382150913451,1589,361,6.96983983976215,0.0463417174618658,7.0606696059874,6.87901007353689,6.97561092489582,1589,361,0.704519049701,0.162199502747665,1.02243007508642,0.386608024315576,0.782917534360686
"62","PC019-53","PC019",372,1578,1578,2.08664075571942,0.0446093718634411,2.17407512457177,1.99920638686708,2.07130546558643,1578,3.632840150937,0.0409056370230489,3.71301519950218,3.55266510237183,3.72330964777861,NA,NA,NA,NA,NA,NA,1578,372,7.85219416145018,0.118322891040108,8.0841070278888,7.62028129501157,7.75896493471511,1578,372,6.97526384316707,0.0465685182932329,7.0665381390218,6.88398954731233,6.98071040367856,1578,372,0.722009516426186,0.169966126983601,1.05514312531404,0.388875907538329,0.754028182701654
"63","PC019-55","PC019",384,1566,1566,2.0484125122462,0.0445488029738279,2.1357281660749,1.96109685841749,2.03974292595418,1566,3.70970470551403,0.0408626854146672,3.78979556892678,3.62961384210129,3.73527730458554,NA,NA,NA,NA,NA,NA,1566,384,7.86809747077547,0.117897399817798,8.09917637441836,7.63701856713259,7.78632572587959,1566,384,6.98137981068387,0.0468189830404151,7.07314501744309,6.88961460392466,6.98660168154217,1566,384,0.729554337685605,0.171452797527042,1.06560182083861,0.393506854532603,0.705290355209141
"64","PC019-57","PC019",396,1554,1554,1.99176490009948,0.0447044726750976,2.07938566654267,1.90414413365629,2.01414362368377,1554,3.82210987024228,0.0409736724736893,3.90241826829071,3.74180147219385,3.74895124245679,NA,NA,NA,NA,NA,NA,1554,396,7.88667768611689,0.116840683797725,8.11568542636043,7.65766994587335,7.81368623683172,1554,396,6.98772723916856,0.0470711032625563,7.07998660156317,6.89546787677395,6.99278142048329,1554,396,0.688252659914109,0.164124309989815,1.00993630749415,0.366569012334072,0.657088018881024
"65","PC019-59","PC019",407,1543,1543,1.97612290198793,0.0444980728330277,2.06333912474066,1.88890667923519,1.99848412182548,1543,3.84589555825607,0.0408263934993172,3.92591528951473,3.76587582699741,3.7371846651854,NA,NA,NA,NA,NA,NA,1543,407,7.90561500685671,0.115758710044809,8.13250207854453,7.67872793516888,7.83854006751943,1543,407,6.99377141598652,0.0473026462692995,7.08648460267434,6.90105822929869,6.99891965273604,1543,407,0.557020427161449,0.160315624415277,0.871239051015393,0.242801803307505,0.589111481327226
"66","PC019-61","PC019",419,1531,1531,1.99103225760744,0.0447359661356938,2.0787147512334,1.90334976398148,2.00408362948122,1531,3.72405778752967,0.0409962462063475,3.80441043009411,3.64370514496522,3.67690218582469,NA,NA,NA,NA,NA,NA,1531,419,7.92688197296207,0.114874746066718,8.15203647525284,7.7017274706713,7.86594773617416,1531,419,7.00063596053413,0.0475538427307164,7.09384149228634,6.90743042878193,7.0058059751931,1531,419,0.419013104673996,0.159152632759919,0.730952264883438,0.107073944464554,0.56155768429821
"67","PC019-63","PC019",430,1520,1520,2.01290627479421,0.044471479297458,2.10007037421723,1.92574217537119,2.03215446110094,1520,3.55822370160446,0.0408073542358065,3.63820611590664,3.47824128730228,3.60136252505202,NA,NA,NA,NA,NA,NA,1520,430,7.94492222233309,0.114393563814577,8.16913360740966,7.72071083725652,7.89099073831854,1520,430,7.00719781761987,0.0477814134303969,7.10084938794345,6.91354624729629,7.01235400802422,1520,430,0.449141934721155,0.157873903532183,0.758574785644233,0.139709083798077,0.615853116756909
"68","PC019-65","PC019",442,1508,1508,2.06207898770571,0.044738923130509,2.1497672770415,1.97439069836991,2.07289679668701,1508,3.46011625080186,0.0409983949678881,3.54047310493892,3.3797593966648,3.54223652511838,NA,NA,NA,NA,NA,NA,1508,442,7.96044589320415,0.113816029072085,8.18352531018543,7.73736647622286,7.91819990226714,1508,442,7.01467127381739,0.0480266378226558,7.1088034839498,6.92053906368499,7.02006606644128,1508,442,0.681642376817819,0.158303776526416,0.991917778809594,0.371366974826044,0.752784950714981
"69","PC019-67","PC019",454,1496,1496,2.13607826303116,0.0444897601488503,2.2232781929229,2.04887833313941,2.11268060884162,1496,3.47578935095013,0.0408203741736146,3.55579728433042,3.39578141756985,3.52619394626817,NA,NA,NA,NA,NA,NA,1496,454,7.96907858819449,0.112659064090951,8.18989035381276,7.74826682257623,7.94556214966557,1496,454,7.02249201395434,0.048270301124493,7.11710180415835,6.92788222375033,7.02840934792542,1496,454,1.03987500705867,0.158831667112288,1.35118507459875,0.728564939518583,0.935424822990422
"70","PC019-69","PC019",465,1485,1485,2.17886937059887,0.0447132503869511,2.2665073413573,2.09123139984045,2.15119542833788,1485,3.52811115429911,0.0409800446478045,3.60843204180881,3.44779026678942,3.53920969440664,NA,NA,NA,NA,NA,NA,1485,465,7.96926112671206,0.110912295942561,8.18664922675948,7.75187302666464,7.97083753055938,1485,465,7.02997883063412,0.0484940553187865,7.12502717905894,6.9349304822093,7.03677364257307,1485,465,1.24589283310454,0.155584238358968,1.55083794028812,0.940947725920964,1.02332778009163
"71","PC019-71","PC019",476,1474,1474,2.17503135709132,0.0445045509454575,2.26226027694442,2.08780243723822,2.16981714691712,1474,3.58619479171991,0.0408309530695178,3.66622345973616,3.50616612370365,3.57098583324573,NA,NA,NA,NA,NA,NA,1474,476,7.96136323288026,0.108774020038428,8.17456031215557,7.74816615360494,7.99614426026659,1474,476,7.03777821922472,0.04871898229477,7.13326742452247,6.94228901392697,7.04568127248282,1474,476,1.24508658564115,0.15131943502975,1.54167267829946,0.948500492982838,1.01894210745523
"72","PC019-73","PC019",486,1464,1464,2.15702791053579,0.0447218620208513,2.24468276009666,2.06937306097492,2.16874984208564,1464,3.64327890266578,0.04098618181328,3.72361181901981,3.56294598631175,3.60660574460129,NA,NA,NA,NA,NA,NA,1464,486,7.94747445437672,0.107004740656062,8.1572037460626,7.73774516269084,8.01878851981877,1464,486,7.04514447175181,0.0489244160854852,7.14103632727936,6.94925261622426,7.05409669049228,1464,486,1.03793983357605,0.148183053571907,1.32837861857699,0.747501048575112,0.914357212272666
"73","PC019-75","PC019",497,1453,1453,2.14917558482747,0.0444945545058465,2.23638491165893,2.06196625799601,2.1629178259035,1453,3.67864073365291,0.0408238348104775,3.75865544988144,3.59862601742437,3.63221144416867,NA,NA,NA,NA,NA,NA,1453,497,7.92612629580555,0.10589807136421,8.1336865156794,7.7185660759317,8.04241702352019,1453,497,7.05355357048528,0.0491516749849529,7.14989085345579,6.95721628751477,7.06370778589218,1453,497,0.676113770834663,0.146076908616918,0.962424511723822,0.389803029945503,0.71815354713314
"74","PC019-77","PC019",511,1439,1439,2.13495609038082,0.0446024347724978,2.22237686253491,2.04753531822672,2.13494156308371,1439,3.62490298079584,0.0409007957514262,3.70506854046864,3.54473742112305,3.63138636335578,NA,NA,NA,NA,NA,NA,1439,511,7.89402977988454,0.106542820052698,8.10285370718783,7.68520585258125,8.07189649604854,1439,511,7.06472083545034,0.0494446427452303,7.16163233523099,6.96780933566969,7.07603554741721,1439,511,0.341424560654636,0.144830483472656,0.625292308261041,0.0575568130482301,0.481298417326116
"75","PC019-79","PC019",524,1426,1426,2.09329906243505,0.0446929714498535,2.18089728647676,2.00570083839333,2.07587771328894,1426,3.56552132803992,0.0409656045389955,3.64581391293636,3.48522874314349,3.62349922468932,NA,NA,NA,NA,NA,NA,1426,524,7.86582762878277,0.109116720628488,8.0796964012146,7.65195885635093,8.09883548588518,1426,524,7.07555368161948,0.0497225039281317,7.17300978931861,6.97809757392034,7.08773506820757,1426,524,0.218504835326231,0.14260301960909,0.498006753760047,-0.0609970831075853,0.331030820491463
"76","PC019-81","PC019",538,1412,1412,2.04202533014365,0.0444676821687841,2.12918198719446,1.95486867309283,1.97941034328963,1412,3.63467557170548,0.0408046392856866,3.71465266470542,3.55469847870553,3.61329838828468,NA,NA,NA,NA,NA,NA,1412,538,7.84563599766189,0.112750537487815,8.06662705113801,7.62464494418578,8.12783669611512,1412,538,7.08771038798545,0.0500285007837997,7.18576624952169,6.9896545264492,7.10079555622413,1412,538,0.210014145131397,0.151323540806479,0.506608285112095,-0.0865799948493014,0.29670970428988
"77","PC019-83","PC019",551,1399,1399,1.9346003702154,0.0447044723840368,2.02222113608811,1.84697960434269,1.85956977408827,1399,3.68597352846654,0.0409736722642817,3.76628192610453,3.60566513082855,3.57401365464162,NA,NA,NA,NA,NA,NA,1399,551,7.84338255538591,0.115746728897196,8.07024614402441,7.6165189667474,8.15407003759285,1399,551,7.09944080939809,0.0503184020486415,7.19806487741342,7.00081674138275,7.11381863499978,1399,551,0.273638120293091,0.164075821948991,0.595226731313113,-0.0479504907269301,0.407472580869084
"78","PC019-85","PC019",563,1387,1387,1.71738351274413,0.0445488029863045,1.80469916659728,1.63006785889097,1.74631230975045,1387,3.54627910840575,0.0408626854233704,3.62636997183555,3.46618824497594,3.51096273421464,NA,NA,NA,NA,NA,NA,1387,563,7.85981844600772,0.117798273922931,8.09070306289667,7.62893382911878,8.17799628357959,1387,563,7.11063006788971,0.0505909152224974,7.2097882617258,7.01147187405361,7.12656066165884,1387,563,0.480278748202476,0.168565212122169,0.810666563961926,0.149890932443025,0.56030820491462
"79","PC019-87","PC019",575,1375,1375,1.50885152184827,0.0446093715625717,1.59628589011091,1.42141715358563,1.67390497625165,1375,3.33098463997035,0.0409056368069983,3.41115968811207,3.25080959182863,3.4526148372524,NA,NA,NA,NA,NA,NA,1375,575,7.89628472431968,0.119364846200701,8.13023982287305,7.6623296257663,8.20171576885322,1375,575,7.12214614163777,0.0508683904646004,7.22184818694839,7.02244409632716,7.13969534016189,1375,575,0.825807645145077,0.169265410704742,1.15756785012637,0.494047440163783,0.762062335138138
"80","PC019-89","PC019",586,1364,1364,1.52721232937299,0.0446137954502099,1.6146553684554,1.43976929029058,1.68739640881453,1364,3.28871112431055,0.0409091625103827,3.3688930828309,3.2085291657902,3.4343514079137,NA,NA,NA,NA,NA,NA,1364,586,7.94754105852069,0.120792700067273,8.18429475065254,7.71078736638883,8.22347748215017,1364,586,7.1329694331583,0.0511271605805572,7.2331786678962,7.03276019842041,7.15197818692777,1364,586,1.07234506207955,0.169290653223748,1.40415474239809,0.740535381761002,0.946513952519784
"81","PC019-91","PC019",597,1353,1353,1.76540398430382,0.0445835241851257,1.85278769170667,1.67802027690098,1.7670074170518,1353,3.44218815209059,0.0408871300181241,3.52232692692611,3.36204937725507,3.46331149393272,NA,NA,NA,NA,NA,NA,1353,597,8.0145363454485,0.122571403082858,8.2547762954909,7.7742963954061,8.24521513373254,1353,597,7.14402595233435,0.0513899097306071,7.24475017540634,7.04330172926236,7.16449699665231,1353,597,1.11500874938399,0.169308710858473,1.4468538226666,0.783163676101386,1.02592808551992
"82","PC019-93","PC019",609,1341,1341,2.0175760423931,0.0446799925050231,2.10514882770294,1.93000325708325,1.86080224821367,1341,3.63139789581567,0.0409564732709805,3.7116725834268,3.55112320820455,3.51468920373909,NA,NA,NA,NA,NA,NA,1341,609,8.1024700963095,0.125035868885369,8.34754039932483,7.85739979329418,8.26888871742773,1341,609,7.15632483074654,0.0516805009443838,7.25761861259754,7.05503104889555,7.17794878107468,1341,609,1.11687178712725,0.169351596886158,1.44880091702412,0.784942657230379,1.06472893238928
"83","PC019-95","PC019",621,1329,1329,2.03797302811099,0.0444862992940105,2.12516617472725,1.95077988149473,1.92566935158221,1329,3.64028585097814,0.0408177529445031,3.72028864674937,3.56028305520691,3.52743372410718,NA,NA,NA,NA,NA,NA,1329,621,8.20121921822558,0.127809047659315,8.45172495163783,7.95071348481332,8.29251142002694,1329,621,7.16883715013088,0.0519741493753344,7.27070648290654,7.06696781735523,7.19137341038333,1329,621,1.12160276763209,0.169460097364101,1.45374455846573,0.789460976798449,1.0416312647508
"84","PC019-97","PC019",632,1318,1318,1.95287113527673,0.0447335286052763,2.04054885134307,1.86519341921038,1.95092434378399,1318,3.51808170420402,0.0409946818793275,3.59843128068751,3.43773212772054,3.50005709403066,NA,NA,NA,NA,NA,NA,1318,632,8.29642537664667,0.130236604196272,8.55168912087137,8.04116163242198,8.31366836841856,1318,632,7.18046221792648,0.0522448601359036,7.28286214379285,7.07806229206011,7.20420086832043,1318,632,1.01481172174584,0.170409708086043,1.34881474959449,0.6808086938972,0.916693044564765
"85","PC019-99","PC019",644,1306,1306,1.94749144372981,0.0444525056507433,2.03461835480527,1.86036453265435,1.95438406120006,1306,3.39899512261093,0.0407937371599521,3.47895084744444,3.31903939777743,3.46887409409456,NA,NA,NA,NA,NA,NA,1306,644,8.39997735486947,0.132361705135809,8.65940629693566,8.14054841280329,8.33578191284915,1306,644,7.19327712014895,0.0525412914926097,7.29625805147447,7.09029618882344,7.21837093522162,1306,644,0.805976050760179,0.176081601606811,1.15109598990953,0.46085611161083,0.781455643481883
"86","PC019-100","PC019",649,1301,1301,1.96724987316021,0.0445616543266062,2.05459071564036,1.87990903068007,1.95660071191878,1301,3.37860852490394,0.040872060998599,3.45871776446119,3.29849928534668,3.46283104392046,NA,NA,NA,NA,NA,NA,1301,649,8.44178334710093,0.133034429519259,8.70253082895868,8.18103586524318,8.34470449385382,1301,649,7.19864842297701,0.0526651978380176,7.30187221073952,7.0954246352145,7.22421104468077,1301,649,0.707814565895772,0.180572821645454,1.06173729632086,0.353891835470683,0.719171178675552
"87","PC019-101","PC019",655,1295,1295,1.97811247286893,0.0447622889725425,2.06584655925511,1.89037838648275,1.96528475807285,1295,3.37897600068159,0.0410151076163515,3.45936561160964,3.29858638975354,3.46229594824409,NA,NA,NA,NA,NA,NA,1295,655,8.49023323173668,0.133697969789003,8.75228125252312,8.22818521095023,8.35511174265967,1295,655,7.2051127427836,0.0528143721090732,7.30862891211738,7.10159657344981,7.2311316414893,1295,655,0.598733915889863,0.18673751366356,0.96473944267044,0.232728389109286,0.641213383312509
"88","PC019-102","PC019",662,1288,1288,1.95198465248632,0.0445436498293692,2.03929020615188,1.86467909882075,1.98818916917483,1288,3.40861237810295,0.0408585036719305,3.48869504529994,3.32852971090597,3.47230349806081,NA,NA,NA,NA,NA,NA,1288,662,8.54380095669518,0.13434446502876,8.80711610815155,8.28048580523881,8.36659963964581,1288,662,7.21267394082229,0.0529891137266449,7.31653260372651,7.10881527791806,7.23923443495597,1288,662,0.496297753878036,0.192302453527151,0.873210562791253,0.119384944964819,0.553387477439955
"89","PC019-103","PC019",668,1282,1282,1.90680496818536,0.0444702807077513,1.99396671837256,1.81964321799817,2.021248321596,1282,3.45299463776256,0.0408067147854682,3.53297579874208,3.37301347678304,3.48910037139113,NA,NA,NA,NA,NA,NA,1282,668,8.5867426958661,0.134868689379102,8.85108532704915,8.32240006468306,8.37611056100658,1282,668,7.21916595799257,0.0531394677182542,7.32331931472035,7.1150126012648,7.24622742248178,1282,668,0.430106221885709,0.19481071744165,0.811935228071343,0.0482772157000755,0.486662154657781
"90","PC019-104","PC019",674,1276,1276,1.87830630970548,0.0447201840957874,1.96595787053322,1.79065474887774,2.06754359668433,1276,3.50820449076289,0.040985283850294,3.58853564710947,3.42787333441632,3.51145190382344,NA,NA,NA,NA,NA,NA,1276,674,8.62663768545085,0.135443975195975,8.89210787683496,8.36116749406673,8.38531544993548,1276,674,7.22566289183055,0.0532902745272877,7.33011182990404,7.12121395375707,7.25321842428626,1276,674,0.383211582604703,0.196336098049719,0.768030334782152,-0.0016071695727457,0.437838539497431
"91","PC019-105","PC019",680,1270,1270,1.91108438661118,0.0446988781151981,1.99869418771697,1.8234745855054,2.12789863300047,1270,3.56578704388522,0.040969371548059,3.64608701211942,3.48548707565103,3.53605401307087,NA,NA,NA,NA,NA,NA,1270,680,8.66326651343274,0.1361291649223,8.93007967668045,8.39645335018504,8.39408334726454,1270,680,7.23215988309047,0.0534415273703597,7.33690527673638,7.12741448944456,7.26018242909606,1270,680,0.355087549162001,0.196426711611422,0.740083903920388,-0.029908805596385,0.401586144661946
"92","PC019-106","PC019",685,1265,1265,2.00614788862273,0.0444771132557206,2.09332303060394,1.91897274664152,2.18863032912229,1265,3.60792138561796,0.0408110545548038,3.68791105254537,3.52793171869054,3.55572201940701,NA,NA,NA,NA,NA,NA,1265,685,8.69117316637115,0.136807368194603,8.95931560803257,8.42303072470973,8.40100886454139,1265,685,7.23757060765943,0.0535678101683088,7.34256351558932,7.13257769972955,7.26602523328511,1265,685,0.341846885403456,0.196582124268762,0.727147848970229,-0.0434540781633164,0.379170206858253
"93","PC019-107","PC019",690,1260,1260,2.16078449647151,0.0444830591666244,2.24797129243809,2.07359770050493,2.255160068821,1260,3.63796941436558,0.0408159532660751,3.71796868276709,3.55797014596407,3.57249829420021,NA,NA,NA,NA,NA,NA,1260,690,8.71662735134534,0.13758545555232,8.98629484422789,8.44695985846279,8.40768290260862,1260,690,7.24297525685085,0.0536941232604808,7.34821573844139,7.13773477526031,7.27191126194592,1260,690,0.333464020796102,0.196078360215361,0.717777606818209,-0.0508495652260056,0.364240941274469
"94","PC019-108","PC019",695,1255,1255,2.35262736345919,0.0447109948617371,2.44026091338819,2.26499381353018,2.32251035986606,1255,3.65121431652447,0.0409788107651701,3.73153278562421,3.57089584742474,3.58438954343772,NA,NA,NA,NA,NA,NA,1255,695,8.73958649731358,0.138449093069617,9.01094671973003,8.46822627489713,8.41414088676847,1255,695,7.2483711579374,0.0538204226469112,7.35385918632535,7.14288312954946,7.27779529136688,1255,695,0.328652811973481,0.195947249079128,0.712709420168573,-0.05540379622161,0.355413716507011
"95","PC019-109","PC019",700,1250,1250,2.54481941941686,0.044751812088249,2.63253297110983,2.45710586772389,2.38465170830084,1250,3.64625102569785,0.0410072849712885,3.72662530424158,3.56587674715413,3.59042071955676,NA,NA,NA,NA,NA,NA,1250,700,8.76003978610357,0.139371201204791,9.03320734046496,8.48687223174218,8.42045649387669,1250,700,7.25375567745052,0.0539466558400559,7.35949112289703,7.14802023200401,7.28366663286652,1250,700,0.327716325133889,0.195802256790044,0.711488748442375,-0.056056098174596,0.350245036790226
"96","PC019-110","PC019",705,1245,1245,2.69625971328844,0.0445271046615512,2.78353283842508,2.6089865881518,2.43244832450764,1245,3.62590804362714,0.0408465440155367,3.70596726989759,3.54584881735669,3.59179403090374,NA,NA,NA,NA,NA,NA,1245,705,8.77799416233655,0.140311094354937,9.05300390727222,8.50298441740087,8.42678508916693,1245,705,7.2591262982476,0.0540729086384875,7.36510919917903,7.15314339731616,7.28948570204487,1245,705,0.329299857519734,0.196005532494522,0.713470701208997,-0.0548709861695286,0.346540330417881
"97","PC019-111","PC019",711,1239,1239,2.77834161615057,0.0444635306359838,2.8654901361971,2.69119309610404,2.45836001293231,1239,3.59072239840509,0.0408020317322149,3.67069438060023,3.51075041620995,3.58902620596147,NA,NA,NA,NA,NA,NA,1239,711,8.79632346951607,0.141403752356538,9.07347482413489,8.51917211489726,8.43428082764296,1239,711,7.26554922619538,0.0542245450086446,7.37182933441232,7.15926911797844,7.29631787117024,1239,711,0.330439403552306,0.196449124663497,0.715479687892759,-0.054600880788148,0.339512703040399
"98","PC019-112","PC019",717,1233,1233,2.73070745784756,0.0447406618418973,2.81839915505768,2.64301576063744,2.44400973597378,1233,3.55789574264631,0.041000012793865,3.63825576772228,3.47753571757033,3.58366521189029,NA,NA,NA,NA,NA,NA,1233,717,8.8113209253145,0.142394179690122,9.09041351750714,8.53222833312186,8.44150432867958,1233,717,7.27194437289129,0.0543763007315195,7.37852192232507,7.16536682345751,7.30298669136782,1233,717,0.328228352378951,0.196648045762452,0.713658522073356,-0.0572018173154542,0.328711647924476
"99","PC019-113","PC019",723,1227,1227,2.57270186097835,0.0446989174838384,2.66031173924667,2.48509198271002,2.39440550769761,1227,3.53993544537651,0.0409691966517347,3.62023507081391,3.45963581993911,3.57801107945981,NA,NA,NA,NA,NA,NA,1227,723,8.82325784469947,0.1432272038605,9.10398316426605,8.5425325251329,8.44836214023521,1227,723,7.27830779782664,0.0545283230714934,7.38518331104677,7.17143228460652,7.30956355401833,1227,723,0.323711143828269,0.196913892269412,0.709662372676317,-0.0622400850197787,0.318284603637373
"100","PC019-114","PC019",729,1221,1221,2.3563740111053,0.0444286593411163,2.44345418341389,2.26929383879671,2.32260838939712,1221,3.54158607110705,0.040776550918746,3.6215081109078,3.46166403130631,3.57517427991094,NA,NA,NA,NA,NA,NA,1221,729,8.83247795932345,0.143863150474055,9.1144497342526,8.5505061843943,8.45490821827575,1221,729,7.28463580340362,0.0546808274461915,7.39181022519815,7.17746138160908,7.31606715204961,1221,729,0.316262367720123,0.196646718077901,0.701689935152808,-0.069165199712563,0.310363737331667
"101","PC019-115","PC019",736,1214,1214,2.11234178979945,0.0446329024955556,2.19982227869074,2.02486130090816,2.2321048067013,1214,3.561767635067,0.0409233319661814,3.64197736572072,3.48155790441328,3.576133142575,NA,NA,NA,NA,NA,NA,1214,736,8.84031331448893,0.144313008284601,9.12316681072675,8.55745981825111,8.46222401899217,1214,736,7.29196920665763,0.0548597623938024,7.39949434094949,7.18444407236578,7.32352510607949,1214,736,0.29837571852388,0.196504784784666,0.683525096701824,-0.086773659654065,0.294668193808135
"102","PC019-116","PC019",742,1208,1208,1.96350470230784,0.0447887427359278,2.05129063807026,1.87571876654542,2.16191848490204,1208,3.58218444044195,0.0410336941117874,3.66261048090105,3.50175839998285,3.57907618526576,NA,NA,NA,NA,NA,NA,1208,742,8.8449915935339,0.144423066377831,9.12806080363445,8.56192238343336,8.46827130726266,1208,742,7.29820895321325,0.0550140216786916,7.40603643570349,7.19038147072302,7.32979729407477,1208,742,0.274801326624325,0.195982195170145,0.658926429157809,-0.109323775909158,0.278584617520477
"103","PC019-117","PC019",748,1202,1202,1.88999681915501,0.0445053617222384,1.9772273281306,1.80276631017943,2.10826159001113,1202,3.59445210996848,0.0408308121521269,3.67448050178665,3.51442371815032,3.58290433407461,NA,NA,NA,NA,NA,NA,1202,748,8.848252411796,0.144283622047358,9.13104831100882,8.56545651258317,8.47404623306999,1202,748,7.30440298917152,0.055169052969928,7.41253433299258,7.19627164535046,7.33589458719086,1202,748,0.250722114010573,0.195895710291557,0.634677706182025,-0.133233478160879,0.262745383867833
"104","PC019-118","PC019",754,1196,1196,1.88478340034611,0.0444533141650218,1.97191189610955,1.79765490458267,2.07703658325841,1196,3.59441670910579,0.0407949595570838,3.67437482983767,3.5144585883739,3.58522251208836,NA,NA,NA,NA,NA,NA,1196,754,8.85054766791488,0.143925414626435,9.13264148058269,8.56845385524706,8.47939253458156,1196,754,7.31054861236442,0.0553248747984636,7.41898536696941,7.20211185775943,7.34179671828883,1196,754,0.23339463434824,0.195993331686532,0.617541564453843,-0.150752295757363,0.251379286408441
"105","PC019-119","PC019",760,1190,1190,1.92805064471696,0.0447685059468405,2.01579691637276,1.84030437306115,2.06689489415056,1190,3.58573255940085,0.0410200391501745,3.66613183613519,3.50533328266651,3.58709604441065,NA,NA,NA,NA,NA,NA,1190,760,8.85232481437136,0.143404543418468,9.13339771947156,8.57125190927117,8.48410285811446,1190,760,7.31664352082827,0.0554816402781331,7.42538753577341,7.20789950588313,7.34754609016727,1190,760,0.225731904069197,0.196541263272831,0.610952780083945,-0.159488971945551,0.244500208246564
"106","PC019-121","PC019",773,1177,1177,2.09792291160938,0.0443889141440921,2.1849251833318,2.01092063988696,2.10612445807602,1177,3.57924527721867,0.0407484597499741,3.65911225832862,3.49937829610872,3.6023177488164,NA,NA,NA,NA,NA,NA,1177,773,8.85638628073934,0.142076984294273,9.13485716995612,8.57791539152257,8.49282491673417,1177,773,7.32966519556753,0.0558246294525181,7.43908146929446,7.22024892184059,7.35943953775951,1177,773,0.233249724373406,0.196924583986773,0.619221908987481,-0.152722460240668,0.24147781858569
"107","PC019-123","PC019",785,1165,1165,2.25937760780332,0.0448132938727451,2.3472116637939,2.17154355181274,2.19191753603358,1165,3.62222948635739,0.0410509985930644,3.7026894435998,3.54176952911498,3.62413964898722,NA,NA,NA,NA,NA,NA,1165,785,8.86301838578925,0.141128665360809,9.13963056989644,8.58640620168207,8.49909024143157,1165,785,7.34144959672533,0.0561458928171869,7.45149554664701,7.23140364680364,7.3693321163341,1165,785,0.245995795246661,0.196727925561529,0.631582529347258,-0.139590938853936,0.23631778425656
"108","PC019-125","PC019",797,1153,1153,2.33568079341285,0.0444378631694839,2.42277900522504,2.24858258160066,2.25017557840032,1153,3.67373946217792,0.0407843213562951,3.75367673203626,3.59380219231958,3.63982641268971,NA,NA,NA,NA,NA,NA,1153,797,8.87470195905034,0.140814750090895,9.15069886922849,8.59870504887218,8.50393931989934,1153,797,7.35299797013772,0.0564736810062011,7.46368638490987,7.24230955536556,7.37834072263764,1153,797,0.240811105460223,0.198659278259125,0.630183290848107,-0.148561079927661,0.230997223379147
"109","PC019-127","PC019",809,1141,1141,2.29156366017556,0.0447025436953884,2.37918064581852,2.2039466745326,2.2562533054362,1141,3.67526667080553,0.0409708878080401,3.75556961090929,3.59496373070177,3.64557554402432,NA,NA,NA,NA,NA,NA,1141,809,8.89233362806324,0.141232694435008,9.16914970915585,8.61551754697062,8.50771340840473,1141,809,7.36430367544522,0.0568098020718256,7.475650887506,7.25295646338444,7.38691101158119,1141,809,0.212610319748191,0.207029477088585,0.618388094841817,-0.193167455345435,0.216881715951687
"110","PC019-129","PC019",821,1129,1129,2.21881303736503,0.0446033109059897,2.30623552674078,2.1313905479893,2.21617506941304,1129,3.6252227204576,0.0409031932900437,3.70539297930608,3.54505246160911,3.64472847654913,NA,NA,NA,NA,NA,NA,1129,821,8.91565384003277,0.142113682819704,9.19419665835939,8.63711102170615,8.51030462073507,1129,821,7.37536304226612,0.0571565239011958,7.48738982911246,7.26333625541977,7.39523744149825,1129,821,0.179983197959972,0.211559551154286,0.594639918222373,-0.23467352230243,0.200394444234094
"111","PC019-131","PC019",833,1117,1117,2.17865114637671,0.044501678085068,2.26587443542345,2.09142785732998,2.12912325608907,1117,3.58291645198832,0.0408269911706438,3.66293735468278,3.50289554929386,3.64456828209059,NA,NA,NA,NA,NA,NA,1117,833,8.94356722139175,0.142854892661511,9.22356281100831,8.66357163177518,8.5115162137949,1117,833,7.38617405647951,0.0575148230831591,7.49890310972251,7.27344500323652,7.40338186294184,1117,833,0.174132440805335,0.203456250953906,0.572906692674991,-0.224641811064321,0.199674441205053
"112","PC019-133","PC019",845,1105,1105,2.06811991786371,0.0448160564434562,2.15595938849289,1.98028044723454,2.00284085998302,1105,3.61698651859114,0.0410550423420353,3.69745440158153,3.53651863560075,3.65594618934182,NA,NA,NA,NA,NA,NA,1105,845,8.97385552609857,0.14291349445724,9.25396597523476,8.69374507696238,8.51153973540686,1105,845,7.39673581478331,0.0578853528059274,7.51019110628293,7.28328052328369,7.41105883254966,1105,845,0.205906950639134,0.194851323686544,0.58781554506476,-0.176001643786492,0.22208899069832
"113","PC019-135","PC019",856,1094,1094,1.85562963107314,0.0443594808322599,1.94257421350437,1.76868504864191,1.8762195715514,1094,3.70803535990979,0.0407256796617541,3.78785769204683,3.62821302777275,3.66767939481224,NA,NA,NA,NA,NA,NA,1094,856,9.00088925829124,0.142207863036107,9.27961666984201,8.72216184674047,8.51056821867582,1094,856,7.40619816232531,0.0582357519631715,7.52034023617313,7.2920560884775,7.41805975427029,1094,856,0.251935108321755,0.191425407165084,0.627128906365321,-0.12325868972181,0.258262113008468
"114","PC019-137","PC019",868,1082,1082,1.65777478405058,0.0449412645134977,1.74585966249703,1.56968990560412,1.77025867459524,1082,3.75769293137198,0.0411437333275452,3.83833464869396,3.67705121404999,3.65079798415123,NA,NA,NA,NA,NA,NA,1082,868,9.02584318242124,0.140837554576201,9.3018847893906,8.74980157545189,8.50854490210282,1082,868,7.41628136064299,0.0586303834827534,7.53119691226919,7.30136580901679,7.4253364803783,1082,868,0.309672509923133,0.191286175279329,0.684593413470618,-0.0652483936243526,0.306009771060559
"115","PC019-139","PC019",880,1070,1070,1.65373873920421,0.0442173114688733,1.7404046696832,1.56707280872522,1.73100948972286,1070,3.6471270872468,0.0406266043047442,3.7267552316841,3.5674989428095,3.58936418864548,NA,NA,NA,NA,NA,NA,1070,880,9.04192611522688,0.13938752994012,9.31512567390951,8.76872655654425,8.50516940361525,1070,880,7.42611483288551,0.0590397085565956,7.54183266165643,7.31039700411458,7.43270445047289,1070,880,0.360819269486841,0.192682897302008,0.738477748198777,-0.0168392092250955,0.340616119592772
"116","PC019-141","PC019",892,1058,1058,1.76530257380388,0.0449939242902761,1.85349066541282,1.67711448219494,1.7600204951916,1058,3.44553439074681,0.0411778217654622,3.52624292140712,3.36482586008651,3.50736407339182,NA,NA,NA,NA,NA,NA,1058,892,9.04518623963229,0.13847234758576,9.31659204090038,8.7737804383642,8.50058070319074,1058,892,7.43569912650178,0.0594647398990021,7.55225001670382,7.31914823629973,7.44031164143743,1058,892,0.39566153795034,0.192216469838336,0.772405818833478,0.018917257067202,0.359184930215669
"117","PC019-143","PC019",903,1047,1047,1.84147605622898,0.0441973773658142,1.92810291586597,1.75484919659198,1.82965152948881,1047,3.34526632682646,0.0406156994772162,3.42487309780181,3.26565955585112,3.4497368074998,NA,NA,NA,NA,NA,NA,1047,903,9.03419422952406,0.138420975294572,9.30549934110142,8.7628891179467,8.4947244262124,1047,903,7.44426725846965,0.0598672507536277,7.56160706994677,7.32692744699254,7.44703031290524,1047,903,0.388580639606866,0.190875676314165,0.762696965182631,0.0144643140311021,0.359801143254297
"118","PC019-145","PC019",915,1035,1035,1.91098741277864,0.0449293932967749,1.99904902364031,1.82292580191696,1.9327970962775,1035,3.39385063751303,0.0411268141744116,3.47445919329488,3.31324208173119,3.42925909676691,NA,NA,NA,NA,NA,NA,1035,915,9.00510526240404,0.139198938422927,9.27793518171297,8.7322753430951,8.48724906589394,1035,915,7.45338029993124,0.0603182116418538,7.57160399474927,7.33515660511321,7.45383786767937,1035,915,0.352858480469237,0.19030854818853,0.725863234918756,-0.020146273980283,0.350640199306045
"119","PC019-147","PC019",926,1024,1024,2.02341283345976,0.0442944236652691,2.11022990384368,1.93659576307583,2.03601335202137,1024,3.47863802895514,0.0406912784832376,3.55839293478228,3.39888312312799,3.43853770184772,NA,NA,NA,NA,NA,NA,1024,926,8.96201793199366,0.140284940934003,9.23697641622431,8.68705944776302,8.47967492394983,1024,926,7.46152419725339,0.0607406821700844,7.58057593430675,7.34247246020002,7.45938172297682,1024,926,0.320301374458086,0.190291892561156,0.693273483877952,-0.0526707349617789,0.347169974780595
"120","PC019-149","PC019",938,1012,1012,2.1603187041466,0.0447042422553954,2.24793901896718,2.07269838932603,2.13271532200419,1012,3.49360028987903,0.0409583359520876,3.57387862834512,3.41332195141294,3.45058006221562,NA,NA,NA,NA,NA,NA,1012,938,8.89716959781652,0.141186786573402,9.17389569950039,8.62044349613265,8.47052317797524,1012,938,7.47018740829941,0.0612107052106835,7.59016039051235,7.35021442608647,7.46485024842084,1012,938,0.31009474298134,0.190785212861699,0.68403376019027,-0.0638442742275911,0.352712729877519
"121","PC019-151","PC019",950,1000,1000,2.23669071586024,0.0448935410570425,2.32468205633204,2.14869937538843,2.19016786080743,1000,3.45483987212736,0.041128902167424,3.53545252037551,3.37422722387921,3.45933931892884,NA,NA,NA,NA,NA,NA,1000,950,8.81529561136492,0.141299252113355,9.0922421455071,8.53834907722275,8.46000633120292,1000,950,7.47863029430364,0.0616902032994945,7.59954309277065,7.35771749583663,7.47009530465191,1000,950,0.331852690154263,0.192860996785445,0.709860243853735,-0.0461548635452079,0.368527370354976
"122","PC019-153","PC019",962,988,988,2.24700231634005,0.0437891198667915,2.33282899127896,2.16117564140114,2.18833267922837,988,3.45682550295448,0.0403968115397701,3.53600325357243,3.37764775233653,3.47715579510921,NA,NA,NA,NA,NA,NA,988,962,8.71966302525523,0.140632647683458,8.9953030147148,8.44402303579565,8.44835240838616,988,962,7.48686498325757,0.0621779435218071,7.60873375256031,7.36499621395483,7.47526261648312,988,962,0.377850665967918,0.196402185601639,0.76279894974713,-0.00709761781129337,0.388335722637993
"123","PC019-155","PC019",975,975,975,2.16185827546698,0.0472526329865347,2.25447343612059,2.06924311481337,2.10781213946287,975,3.50528026881151,0.0430973756219785,3.58975112503059,3.42080941259243,3.49703278721808,NA,NA,NA,NA,NA,NA,975,975,8.60589524908455,0.139606809995185,8.87952459667511,8.33226590149398,8.43507423981985,975,975,7.49556616470403,0.0627116604995141,7.61848101928308,7.37265131012499,7.48112309579265,975,975,0.431329959736256,0.196115174751421,0.815715702249041,0.0469442172234715,0.408228601345096
"124","PC019-157","PC019",987,963,963,1.94225780766647,0.0455640798547815,2.03156340418185,1.8529522111511,1.98407194547244,963,3.52535960726973,0.0429226793330659,3.60948805876254,3.44123115577692,3.51499586740443,NA,NA,NA,NA,NA,NA,963,987,8.49733648071621,0.139068730043626,8.76991119160172,8.2247617698307,8.42286910227229,963,987,7.5034094633474,0.0632034208065594,7.62728816812825,7.37953075856654,7.48662155504351,963,987,0.421608603404991,0.214703853190407,0.842428155658189,0.000789051151792786,0.422639668209541
"125","PC019-159","PC019",1000,950,NA,NA,NA,NA,NA,NA,NA,NA,NA,NA,NA,NA,NA,NA,NA,NA,NA,NA,950,1000,8.38268739576758,0.139309954203782,8.655734906007,8.10963988552817,8.40930314616921,950,1000,7.51171782606009,0.0637310750349691,7.63663073312863,7.38680491899155,7.49259007051861,NA,1000,NA,NA,NA,NA,NA
"126","PC019-161","PC019",1012,938,NA,NA,NA,NA,NA,NA,NA,NA,NA,NA,NA,NA,NA,NA,NA,NA,NA,NA,938,1012,8.2853393358776,0.140148223750458,8.56002985442849,8.0106488173267,8.39650602900266,938,1012,7.51922667769342,0.0642127008302339,7.64508357132068,7.39336978406617,7.49763298089756,NA,1012,NA,NA,NA,NA,NA
"127","PC019-163","PC019",1024,926,NA,NA,NA,NA,NA,NA,NA,NA,NA,NA,NA,NA,NA,NA,NA,NA,NA,NA,926,1024,8.20080344483389,0.141103635657126,8.47736657072186,7.92424031894592,8.38340762602038,926,1024,7.52659382955827,0.064690114920556,7.65338645480256,7.39980120431398,7.50217202036262,NA,1024,NA,NA,NA,NA,NA
"128","PC019-165","PC019",1036,914,NA,NA,NA,NA,NA,NA,NA,NA,NA,NA,NA,NA,NA,NA,NA,NA,NA,NA,914,1036,8.1323016497572,0.141675643847681,8.40998591169865,7.85461738781575,8.37017127897158,914,1036,7.53383048864196,0.0651642430586645,7.66155240503694,7.40610857224697,7.50648415594784,NA,1036,NA,NA,NA,NA,NA
"129","PC019-167","PC019",1048,902,NA,NA,NA,NA,NA,NA,NA,NA,NA,NA,NA,NA,NA,NA,NA,NA,NA,NA,902,1048,8.08144547582513,0.141605935715518,8.35899310982755,7.80389784182272,8.35711308005665,902,1048,7.54094776833659,0.065631899842883,7.66958629202864,7.41230924464454,7.51078310670415,NA,1048,NA,NA,NA,NA,NA
"130","PC019-169","PC019",1061,889,NA,NA,NA,NA,NA,NA,NA,NA,NA,NA,NA,NA,NA,NA,NA,NA,NA,NA,889,1061,8.04616653091719,0.140927392096745,8.3223842194268,7.76994884240757,8.34290232286992,889,1061,7.54853515694881,0.0661276357752228,7.67814532306824,7.41892499082937,7.51542686719196,NA,1061,NA,NA,NA,NA,NA
"131","PC019-171","PC019",1073,877,NA,NA,NA,NA,NA,NA,NA,NA,NA,NA,NA,NA,NA,NA,NA,NA,NA,NA,877,1073,8.03005802978476,0.140192933806487,8.30483618004548,7.75527987952405,8.32971791068875,877,1073,7.5554353415928,0.0665719079575705,7.68591628118964,7.42495440199596,7.52011261694286,NA,1073,NA,NA,NA,NA,NA
"132","PC019-173","PC019",1085,865,NA,NA,NA,NA,NA,NA,NA,NA,NA,NA,NA,NA,NA,NA,NA,NA,NA,NA,865,1085,8.02650586030681,0.139905892735065,8.30072141006753,7.75229031054608,8.3166472272589,865,1085,7.56224508975997,0.0670006246781029,7.69356631412905,7.43092386539089,7.52520007307417,NA,1085,NA,NA,NA,NA,NA
"133","PC019-175","PC019",1098,852,NA,NA,NA,NA,NA,NA,NA,NA,NA,NA,NA,NA,NA,NA,NA,NA,NA,NA,852,1098,8.03210611004485,0.140419527172185,8.30732838330233,7.75688383678737,8.30291433586668,852,1098,7.56952921208909,0.0674476669292563,7.70172663927044,7.43733178490775,7.5306073248637,NA,1098,NA,NA,NA,NA,NA
"134","PC019-177","PC019",1110,840,NA,NA,NA,NA,NA,NA,NA,NA,NA,NA,NA,NA,NA,NA,NA,NA,NA,NA,840,1110,8.04128488759357,0.141427340818682,8.31848247559819,7.76408729958896,8.29010251947871,840,1110,7.57617438288127,0.0678463069883731,7.70915314457848,7.44319562118406,7.53548562659217,NA,1110,NA,NA,NA,NA,NA
"135","PC019-179","PC019",1123,827,NA,NA,NA,NA,NA,NA,NA,NA,NA,NA,NA,NA,NA,NA,NA,NA,NA,NA,827,1123,8.05041165199946,0.142434688512376,8.32958364148372,7.7712396625152,8.27651835991696,827,1123,7.58329568832428,0.0682633873965035,7.71709192762143,7.44949944902713,7.54071970376133,NA,1123,NA,NA,NA,NA,NA
"136","PC019-181","PC019",1136,814,NA,NA,NA,NA,NA,NA,NA,NA,NA,NA,NA,NA,NA,NA,NA,NA,NA,NA,814,1136,8.05407525244191,0.142799903421029,8.33396306314712,7.77418744173669,8.26309862159525,814,1136,7.59034321430683,0.0686650061472828,7.72492662635551,7.45575980225816,7.54592487686893,NA,1136,NA,NA,NA,NA,NA
"137","PC019-183","PC019",1149,801,NA,NA,NA,NA,NA,NA,NA,NA,NA,NA,NA,NA,NA,NA,NA,NA,NA,NA,801,1149,8.04893129549306,0.142463835823958,8.32816041370802,7.76970217727811,8.24965695625026,801,1149,7.59732356160731,0.0690488521766619,7.73265931187357,7.46198781134105,7.55152170390741,NA,1149,NA,NA,NA,NA,NA
"138","PC019-185","PC019",1162,788,NA,NA,NA,NA,NA,NA,NA,NA,NA,NA,NA,NA,NA,NA,NA,NA,NA,NA,788,1162,8.03334237953557,0.141849206063979,8.31136682342097,7.75531793565017,8.23677052211349,788,1162,7.60424238494004,0.069413928456392,7.74029368471457,7.46819108516551,7.55766794720649,NA,1162,NA,NA,NA,NA,NA
"139","PC019-187","PC019",1174,776,NA,NA,NA,NA,NA,NA,NA,NA,NA,NA,NA,NA,NA,NA,NA,NA,NA,NA,776,1174,8.00918324311213,0.14136731402247,8.28626317859617,7.73210330762809,8.22584606075154,776,1174,7.61057874372586,0.0697335715790311,7.74725654402076,7.47390094343096,7.56388935081404,NA,1174,NA,NA,NA,NA,NA
"140","PC019-189","PC019",1186,764,NA,NA,NA,NA,NA,NA,NA,NA,NA,NA,NA,NA,NA,NA,NA,NA,NA,NA,764,1186,7.97640565095792,0.14119211772441,8.25314220169776,7.69966910021807,8.21553338705783,764,1186,7.6168700434638,0.0700378642130407,7.75414425732136,7.47959582960624,7.57052331746166,NA,1186,NA,NA,NA,NA,NA
"141","PC019-191","PC019",1198,752,NA,NA,NA,NA,NA,NA,NA,NA,NA,NA,NA,NA,NA,NA,NA,NA,NA,NA,752,1198,7.93720721710322,0.14145583087466,8.21446064561755,7.65995378858888,8.20536128292947,752,1198,7.62311891407529,0.070327233484192,7.7609602917043,7.48527753644627,7.5772213292287,NA,1198,NA,NA,NA,NA,NA
"142","PC019-193","PC019",1209,741,NA,NA,NA,NA,NA,NA,NA,NA,NA,NA,NA,NA,NA,NA,NA,NA,NA,NA,741,1209,7.89832024156264,0.141974013316788,8.17658930766354,7.62005117546174,8.19692815206318,741,1209,7.62881122541754,0.070580050504909,7.76714812440716,7.49047432642791,7.58328318997895,NA,1209,NA,NA,NA,NA,NA
"143","PC019-195","PC019",1221,729,NA,NA,NA,NA,NA,NA,NA,NA,NA,NA,NA,NA,NA,NA,NA,NA,NA,NA,729,1221,7.85614237263276,0.142519767179669,8.13548111630491,7.57680362896061,8.1884233075713,729,1221,7.63498290338033,0.0708421669335779,7.77383355057015,7.49613225619052,7.58976777961668,NA,1221,NA,NA,NA,NA,NA
"144","PC019-197","PC019",1233,717,NA,NA,NA,NA,NA,NA,NA,NA,NA,NA,NA,NA,NA,NA,NA,NA,NA,NA,717,1233,7.81819035256603,0.142755091772316,8.09799033243977,7.53839037269229,8.18064262066936,717,1233,7.64111485701192,0.0710898350597534,7.78045093372903,7.5017787802948,7.59613582841597,NA,1233,NA,NA,NA,NA,NA
"145","PC019-199","PC019",1246,704,NA,NA,NA,NA,NA,NA,NA,NA,NA,NA,NA,NA,NA,NA,NA,NA,NA,NA,704,1246,7.78646506004648,0.142560799829118,8.06588422771155,7.50704589238141,8.17331702309154,704,1246,7.64771194252787,0.0713417942188845,7.78754185919689,7.50788202585886,7.60329671442731,NA,1246,NA,NA,NA,NA,NA
"146","PC019-201","PC019",1260,690,NA,NA,NA,NA,NA,NA,NA,NA,NA,NA,NA,NA,NA,NA,NA,NA,NA,NA,690,1260,7.76804900262674,0.142089385964526,8.04654419911721,7.48955380613627,8.16669149281221,690,1260,7.65476044416703,0.0715942674926546,7.79508520845263,7.51443567988142,7.61144135564129,NA,1260,NA,NA,NA,NA,NA
"147","PC019-203","PC019",1275,675,NA,NA,NA,NA,NA,NA,NA,NA,NA,NA,NA,NA,NA,NA,NA,NA,NA,NA,675,1275,7.77096182212327,0.141716766311423,8.04872668409366,7.49319696015288,8.16144306703988,675,1275,7.6622422776651,0.0718447037006499,7.80305789691838,7.52142665841183,7.62065976499479,NA,1275,NA,NA,NA,NA,NA
"148","PC019-205","PC019",1290,660,NA,NA,NA,NA,NA,NA,NA,NA,NA,NA,NA,NA,NA,NA,NA,NA,NA,NA,660,1290,7.80011129821627,0.141701496632593,8.07784623161615,7.52237636481639,8.15722839482359,660,1290,7.66964293742008,0.0720766682471406,7.81091320718448,7.52837266765569,7.63047926703172,NA,1290,NA,NA,NA,NA,NA
"149","PC019-207","PC019",1303,647,NA,NA,NA,NA,NA,NA,NA,NA,NA,NA,NA,NA,NA,NA,NA,NA,NA,NA,647,1303,7.8464969435759,0.141983840363439,8.12478527068824,7.56820861646356,8.15404588300349,647,1303,7.67598276884175,0.0722632879839227,7.81761881329023,7.53434672439326,7.63969973373838,NA,1303,NA,NA,NA,NA,NA
"150","PC019-209","PC019",1316,634,NA,NA,NA,NA,NA,NA,NA,NA,NA,NA,NA,NA,NA,NA,NA,NA,NA,NA,634,1316,7.91010649473525,0.142460378561766,8.18932883671631,7.63088415275419,8.15218280187522,634,1316,7.68224491512873,0.0724372760151659,7.82422197611846,7.54026785413901,7.64911910755423,NA,1316,NA,NA,NA,NA,NA
"151","PC019-211","PC019",1329,621,NA,NA,NA,NA,NA,NA,NA,NA,NA,NA,NA,NA,NA,NA,NA,NA,NA,NA,621,1329,7.98721663970544,0.142858626830549,8.26721954829331,7.70721373111756,8.1526473672855,621,1329,7.68842024952703,0.07259811108203,7.83071254724781,7.54612795180625,7.65852433979797,NA,1329,NA,NA,NA,NA,NA
"152","PC019-213","PC019",1342,608,NA,NA,NA,NA,NA,NA,NA,NA,NA,NA,NA,NA,NA,NA,NA,NA,NA,NA,608,1342,8.07281557167006,0.142960474189755,8.35301810108198,7.79261304225814,8.15340290369456,608,1342,7.69449930600686,0.0727469643221813,7.83708335607834,7.55191525593539,7.66752099261799,NA,1342,NA,NA,NA,NA,NA
"153","PC019-215","PC019",1355,595,NA,NA,NA,NA,NA,NA,NA,NA,NA,NA,NA,NA,NA,NA,NA,NA,NA,NA,595,1355,8.16101673456211,0.142757041402048,8.44082053571012,7.88121293341409,8.15463085843454,595,1355,7.70047267417592,0.0728845421199928,7.84332637673111,7.55761897162074,7.67569850419203,NA,1355,NA,NA,NA,NA,NA
"154","PC019-217","PC019",1370,580,NA,NA,NA,NA,NA,NA,NA,NA,NA,NA,NA,NA,NA,NA,NA,NA,NA,NA,580,1370,8.25805056278565,0.142372974034461,8.53710159189319,7.97899953367811,8.15736699972995,580,1370,7.70722266123415,0.0730319194443648,7.85036522334511,7.5640800991232,7.68461637790975,NA,1370,NA,NA,NA,NA,NA
"155","PC019-219","PC019",1385,565,NA,NA,NA,NA,NA,NA,NA,NA,NA,NA,NA,NA,NA,NA,NA,NA,NA,NA,565,1385,8.34181977159949,0.142140309256079,8.62041477774141,8.06322476545758,8.16189978238723,565,1385,7.71380909165355,0.0731677162137861,7.85721781543258,7.57040036787453,7.6934803880386,NA,1385,NA,NA,NA,NA,NA
"156","PC019-221","PC019",1399,551,NA,NA,NA,NA,NA,NA,NA,NA,NA,NA,NA,NA,NA,NA,NA,NA,NA,NA,551,1399,8.40211066541494,0.142169996809957,8.68076385916245,8.12345747166742,8.16775449478258,551,1399,7.71980141662426,0.073284991060835,7.8634399991035,7.57616283414502,7.70166643660194,NA,1399,NA,NA,NA,NA,NA
"157","PC019-223","PC019",1412,538,NA,NA,NA,NA,NA,NA,NA,NA,NA,NA,NA,NA,NA,NA,NA,NA,NA,NA,538,1412,8.43964480372845,0.142305927678815,8.71856442197893,8.16072518547798,8.17344303703418,538,1412,7.72522746881458,0.0733859764685541,7.86906398269294,7.58139095493621,7.70900921266615,NA,1412,NA,NA,NA,NA,NA
"158","PC019-225","PC019",1426,524,NA,NA,NA,NA,NA,NA,NA,NA,NA,NA,NA,NA,NA,NA,NA,NA,NA,NA,524,1426,8.45935190264029,0.142392813686115,8.73844181746507,8.1802619878155,8.18016023044377,524,1426,7.7309200081486,0.0734874261144141,7.87495536333285,7.58688465296435,7.71686504030741,NA,1426,NA,NA,NA,NA,NA
"159","PC019-227","PC019",1440,510,NA,NA,NA,NA,NA,NA,NA,NA,NA,NA,NA,NA,NA,NA,NA,NA,NA,NA,510,1440,8.45903836360863,0.142375414541525,8.73809417611002,8.17998255110725,8.18687084831831,510,1440,7.7364556048854,0.0735826070748432,7.88067751475209,7.59223369501871,7.72478445730936,NA,1440,NA,NA,NA,NA,NA
"160","PC019-229","PC019",1454,496,NA,NA,NA,NA,NA,NA,NA,NA,NA,NA,NA,NA,NA,NA,NA,NA,NA,NA,496,1454,8.44210514722945,0.142338654568872,8.72108891018444,8.16312138427446,8.1942715487371,496,1454,7.74183554658569,0.0736730601850746,7.88623474454844,7.59743634862295,7.73242455765331,NA,1454,NA,NA,NA,NA,NA
"161","PC019-231","PC019",1468,482,NA,NA,NA,NA,NA,NA,NA,NA,NA,NA,NA,NA,NA,NA,NA,NA,NA,NA,482,1468,8.41293893701549,0.142212948539606,8.69167631615311,8.13420155787786,8.20209321485366,482,1468,7.74706202074127,0.073760018325329,7.89163165665891,7.60249238482362,7.73960101900857,NA,1468,NA,NA,NA,NA,NA
"162","PC019-233","PC019",1481,469,NA,NA,NA,NA,NA,NA,NA,NA,NA,NA,NA,NA,NA,NA,NA,NA,NA,NA,469,1481,8.37927147785854,0.141995386966996,8.65758243631385,8.10096051940323,8.20982572403041,469,1481,7.75178027431173,0.0738380182525612,7.89650279008675,7.60705775853671,7.7457721794591,NA,1481,NA,NA,NA,NA,NA
"163","PC019-235","PC019",1495,455,NA,NA,NA,NA,NA,NA,NA,NA,NA,NA,NA,NA,NA,NA,NA,NA,NA,NA,455,1495,8.34073957161976,0.141825518301591,8.61871758749088,8.06276155574865,8.21784487624076,455,1495,7.75671916767379,0.073920253073102,7.90160286369707,7.61183547165051,7.75184340062818,NA,1495,NA,NA,NA,NA,NA
"164","PC019-237","PC019",1508,442,NA,NA,NA,NA,NA,NA,NA,NA,NA,NA,NA,NA,NA,NA,NA,NA,NA,NA,442,1508,8.30672180061616,0.141915159481116,8.58487551319914,8.02856808803317,8.2251183439139,442,1508,7.76117602229778,0.0739951631247682,7.90620654202233,7.61614550257324,7.75700037289123,NA,1508,NA,NA,NA,NA,NA
"165","PC019-239","PC019",1521,429,NA,NA,NA,NA,NA,NA,NA,NA,NA,NA,NA,NA,NA,NA,NA,NA,NA,NA,429,1521,8.27723009306647,0.142281776195504,8.55610237440966,7.99835781172329,8.23217832816806,429,1521,7.76551162943069,0.0740702529692932,7.91068932525051,7.62033393361088,7.76178141255047,NA,1521,NA,NA,NA,NA,NA
"166","PC019-241","PC019",1534,416,NA,NA,NA,NA,NA,NA,NA,NA,NA,NA,NA,NA,NA,NA,NA,NA,NA,NA,416,1534,8.25411771639415,0.142661586845934,8.53373442661218,7.97450100617612,8.23872950146241,416,1534,7.76972959213888,0.0741463050324944,7.91505635000257,7.62440283427519,7.76614084298944,NA,1534,NA,NA,NA,NA,NA
"167","PC019-243","PC019",1547,403,NA,NA,NA,NA,NA,NA,NA,NA,NA,NA,NA,NA,NA,NA,NA,NA,NA,NA,403,1547,8.23809156669688,0.142735788717164,8.51785371258252,7.95832942081123,8.24526125678164,403,1547,7.77383488065275,0.0742251587571413,7.91931619181675,7.62835356948875,7.76989653262913,NA,1547,NA,NA,NA,NA,NA
"168","PC019-245","PC019",1561,389,NA,NA,NA,NA,NA,NA,NA,NA,NA,NA,NA,NA,NA,NA,NA,NA,NA,NA,389,1561,8.22806333184939,0.142431978349559,8.50723000941453,7.94889665428426,8.25178712669692,389,1561,7.77813672372555,0.0743132685341667,7.92379073005252,7.63248271739859,7.77332795059614,NA,1561,NA,NA,NA,NA,NA
"169","PC019-247","PC019",1574,376,NA,NA,NA,NA,NA,NA,NA,NA,NA,NA,NA,NA,NA,NA,NA,NA,NA,NA,376,1574,8.22371892405853,0.14206056960184,8.50215764047813,7.94528020763892,8.2575858698867,376,1574,7.782029294862,0.0743990442836106,7.92785142165788,7.63620716806613,7.77609994082989,NA,1574,NA,NA,NA,NA,NA
"170","PC019-249","PC019",1587,363,NA,NA,NA,NA,NA,NA,NA,NA,NA,NA,NA,NA,NA,NA,NA,NA,NA,NA,363,1587,8.22193109611225,0.141877148424719,8.5000103070247,7.9438518851998,8.26335501602448,363,1587,7.78583347889539,0.074488729801384,7.9318313893061,7.63983556848468,7.7785167673085,NA,1587,NA,NA,NA,NA,NA
"171","PC019-251","PC019",1601,349,NA,NA,NA,NA,NA,NA,NA,NA,NA,NA,NA,NA,NA,NA,NA,NA,NA,NA,349,1601,8.22010612620525,0.142029159403103,8.49848327863533,7.94172897377517,8.26993310259562,349,1601,7.78984517456675,0.0745915364576181,7.93604458602368,7.64364576310982,7.78060411742338,NA,1601,NA,NA,NA,NA,NA
"172","PC019-253","PC019",1616,334,NA,NA,NA,NA,NA,NA,NA,NA,NA,NA,NA,NA,NA,NA,NA,NA,NA,NA,334,1616,8.21525474965334,0.142451989033872,8.49446064815973,7.93604885114695,8.27752769026115,334,1616,7.79406335937056,0.0747097511538956,7.9404944716322,7.64763224710893,7.78207887646058,NA,1616,NA,NA,NA,NA,NA
"173","PC019-255","PC019",1632,318,NA,NA,NA,NA,NA,NA,NA,NA,NA,NA,NA,NA,NA,NA,NA,NA,NA,NA,318,1632,8.20436257539466,0.14287175726918,8.48439121964225,7.92433393114707,8.28812410357968,318,1632,7.79849525440049,0.074847301321728,7.94519596499108,7.6517945438099,7.78283492278372,NA,1632,NA,NA,NA,NA,NA
"174","PC019-257","PC019",1646,304,NA,NA,NA,NA,NA,NA,NA,NA,NA,NA,NA,NA,NA,NA,NA,NA,NA,NA,304,1646,8.18957550235729,0.142940648307031,8.46973917303907,7.90941183167551,8.29908003949322,304,1646,7.80233573529511,0.0749786003704861,7.94929379202126,7.65537767856895,7.78318588638775,NA,1646,NA,NA,NA,NA,NA
"175","PC019-259","PC019",1660,290,NA,NA,NA,NA,NA,NA,NA,NA,NA,NA,NA,NA,NA,NA,NA,NA,NA,NA,290,1660,8.17121161562975,0.142644166127024,8.45079418123872,7.89162905002078,8.3106427221172,290,1660,7.80615839699855,0.0751205128294735,7.95339460214432,7.65892219185279,7.78385678250558,NA,1660,NA,NA,NA,NA,NA
"176","PC019-261","PC019",1674,276,NA,NA,NA,NA,NA,NA,NA,NA,NA,NA,NA,NA,NA,NA,NA,NA,NA,NA,276,1674,8.15204148485808,0.142138074007107,8.43063210991201,7.87345085980415,8.32265733346479,276,1674,7.80997687097927,0.0752741372414818,7.95751417997257,7.66243956198596,7.785211568013,NA,1674,NA,NA,NA,NA,NA
"177","PC019-263","PC019",1688,262,NA,NA,NA,NA,NA,NA,NA,NA,NA,NA,NA,NA,NA,NA,NA,NA,NA,NA,262,1688,8.13589763440579,0.141760061226329,8.4137473544094,7.85804791440219,8.33533813996088,262,1688,7.81380269403756,0.0754399888188226,7.96166507212245,7.66594031595266,7.78743056285572,NA,1688,NA,NA,NA,NA,NA
"178","PC019-265","PC019",1701,249,NA,NA,NA,NA,NA,NA,NA,NA,NA,NA,NA,NA,NA,NA,NA,NA,NA,NA,249,1701,8.12736711026142,0.141830477812374,8.40535484677367,7.84937937374917,8.34691532105386,249,1701,7.81736877264233,0.0756066707873894,7.96555784738561,7.66917969789904,7.79012448661557,NA,1701,NA,NA,NA,NA,NA
"179","PC019-267","PC019",1715,235,NA,NA,NA,NA,NA,NA,NA,NA,NA,NA,NA,NA,NA,NA,NA,NA,NA,NA,235,1715,8.1290237900106,0.142434054666996,8.40819453715791,7.84985304286329,8.3590027605245,235,1715,7.82122918825549,0.0758005636392573,7.96979829298843,7.67266008352254,7.79346668700041,NA,1715,NA,NA,NA,NA,NA
"180","PC019-269","PC019",1728,222,NA,NA,NA,NA,NA,NA,NA,NA,NA,NA,NA,NA,NA,NA,NA,NA,NA,NA,222,1728,8.1434834539946,0.143221854879698,8.42419828955881,7.86276861843039,8.37147449443965,222,1728,7.82483498882579,0.0759952881857057,7.97378575366977,7.67588422398181,7.79681304518637,NA,1728,NA,NA,NA,NA,NA
"181","PC019-271","PC019",1741,209,NA,NA,NA,NA,NA,NA,NA,NA,NA,NA,NA,NA,NA,NA,NA,NA,NA,NA,209,1741,8.17190710146126,0.14394449282758,8.45403830740332,7.88977589551921,8.38500289340689,209,1741,7.82846278454177,0.076203666253138,7.97782197039792,7.67910359868562,7.80025663878698,NA,1741,NA,NA,NA,NA,NA
"182","PC019-273","PC019",1754,196,NA,NA,NA,NA,NA,NA,NA,NA,NA,NA,NA,NA,NA,NA,NA,NA,NA,NA,196,1754,8.2145722773375,0.144332593612527,8.49746416081805,7.93168039385694,8.39869415188886,196,1754,7.83211338200401,0.0764264042228289,7.98190913428075,7.68231762972726,7.80375315535562,NA,1754,NA,NA,NA,NA,NA
"183","PC019-275","PC019",1768,182,NA,NA,NA,NA,NA,NA,NA,NA,NA,NA,NA,NA,NA,NA,NA,NA,NA,NA,182,1768,8.27491209154873,0.144319950287614,8.55777919411246,7.99204498898501,8.41352513730856,182,1768,7.83607119074246,0.0766825244675004,7.98636893869876,7.68577344278616,7.80764552873313,NA,1768,NA,NA,NA,NA,NA
"184","PC019-440","PC019",2927,-977,NA,NA,NA,NA,NA,NA,NA,NA,NA,NA,NA,NA,NA,NA,NA,NA,NA,NA,-977,2927,8.66325965753006,0.13961398784087,8.93690307369817,8.38961624136196,9.04477529415529,-977,2927,8.04933418411733,0.0955110619137209,8.23653586546822,7.86213250276643,8.06290406726341,NA,2927,NA,NA,NA,NA,NA
"185","PC019-441","PC019",2934,-984,NA,NA,NA,NA,NA,NA,NA,NA,NA,NA,NA,NA,NA,NA,NA,NA,NA,NA,-984,2934,8.66735726028366,0.139639115797412,8.94104992724659,8.39366459332074,9.03729499152696,-984,2934,8.05079153244824,0.0954777906658115,8.23792800215323,7.86365506274325,8.0654002437155,NA,2934,NA,NA,NA,NA,NA
"186","PC019-442","PC019",2941,-991,NA,NA,NA,NA,NA,NA,NA,NA,NA,NA,NA,NA,NA,NA,NA,NA,NA,NA,-991,2941,8.67739292137215,0.13972675545274,8.95125736205952,8.40352848068478,9.02974410963333,-991,2941,8.05223500495282,0.0954447829377309,8.23930677951078,7.86516323039487,8.06781522093238,NA,2941,NA,NA,NA,NA,NA
"187","PC019-443","PC019",2948,-998,NA,NA,NA,NA,NA,NA,NA,NA,NA,NA,NA,NA,NA,NA,NA,NA,NA,NA,-998,2948,8.69278910604919,0.139786161994909,8.96676998355921,8.41880822853917,9.02210153137047,-998,2948,8.05366302725107,0.0954118432790199,8.24067024007794,7.86665581442419,8.07016201523741,NA,2948,NA,NA,NA,NA,NA
"188","PC019-444","PC019",2955,-1005,NA,NA,NA,NA,NA,NA,NA,NA,NA,NA,NA,NA,NA,NA,NA,NA,NA,NA,-1005,2955,8.71287506509721,0.139743434416471,8.98677219655349,8.43897793364092,9.0144045958482,-1005,2955,8.05507402496288,0.0953785231026776,8.24201593024413,7.86813211968163,8.07246354854871,NA,2955,NA,NA,NA,NA,NA
"189","PC019-445","PC019",2963,-1013,NA,NA,NA,NA,NA,NA,NA,NA,NA,NA,NA,NA,NA,NA,NA,NA,NA,NA,-1013,2963,8.74061899454781,0.139515947708242,9.01407025205597,8.46716773703966,9.0058466235817,-1013,2963,8.05666373187733,0.0953392614215444,8.24352868426355,7.8697987794911,8.07508871498105,NA,2963,NA,NA,NA,NA,NA
"190","PC019-446","PC019",2970,-1020,NA,NA,NA,NA,NA,NA,NA,NA,NA,NA,NA,NA,NA,NA,NA,NA,NA,NA,-1020,2970,8.76820339028593,0.139154083544164,9.04094539403249,8.49546138653937,8.99841286088396,-1020,2970,8.05803300001797,0.0953041019409082,8.24482903982215,7.87123696021379,8.07740440262627,NA,2970,NA,NA,NA,NA,NA
"191","PC019-447","PC019",2977,-1027,NA,NA,NA,NA,NA,NA,NA,NA,NA,NA,NA,NA,NA,NA,NA,NA,NA,NA,-1027,2977,8.79804032283148,0.138669646998623,9.06983283094878,8.52624781471418,8.99115546257351,-1027,2977,8.0593804125393,0.0952689009326758,8.24610745836734,7.87265336671125,8.07974145594509,NA,2977,NA,NA,NA,NA,NA
"192","PC019-448","PC019",2985,-1035,NA,NA,NA,NA,NA,NA,NA,NA,NA,NA,NA,NA,NA,NA,NA,NA,NA,NA,-1035,2985,8.8338955646835,0.138035727320056,9.10444559023081,8.56334553913619,8.98301166426482,-1035,2985,8.06089161853304,0.0952291963389055,8.24754084335729,7.87424239370878,8.08243876381587,NA,2985,NA,NA,NA,NA,NA
"193","PC019-449","PC019",2992,-1042,NA,NA,NA,NA,NA,NA,NA,NA,NA,NA,NA,NA,NA,NA,NA,NA,NA,NA,-1042,2992,8.86596986199362,0.137485046776453,9.13544055367547,8.59649917031177,8.97623917039896,-1042,2992,8.06218712595855,0.0951950802718798,8.24876948329144,7.87560476862567,8.0848020199662,NA,2992,NA,NA,NA,NA,NA
"194","PC019-450","PC019",3000,-1050,NA,NA,NA,NA,NA,NA,NA,NA,NA,NA,NA,NA,NA,NA,NA,NA,NA,NA,-1050,3000,8.90247502143798,0.136920735148716,9.17083966232946,8.6341103805465,8.96927018815787,-1050,3000,8.06363505992639,0.0951565667712909,8.25014193079812,7.87712818905466,8.08746844979962,NA,3000,NA,NA,NA,NA,NA
"195","PC019-451","PC019",3005,-1055,NA,NA,NA,NA,NA,NA,NA,NA,NA,NA,NA,NA,NA,NA,NA,NA,NA,NA,-1055,3005,8.9247953959832,0.136620406587415,9.19257139289454,8.65701939907187,8.96535156653264,-1055,3005,8.06452138404772,0.095132468932109,8.25098102315466,7.87806174494079,8.08909424555759,NA,3005,NA,NA,NA,NA,NA
"196","PC019-452","PC019",3010,-1060,NA,NA,NA,NA,NA,NA,NA,NA,NA,NA,NA,NA,NA,NA,NA,NA,NA,NA,-1060,3010,8.94648092185396,0.136369946724523,9.21376601743403,8.6791958262739,8.961674421219,-1060,3010,8.0653927180086,0.0951080788939206,8.25180455264068,7.87898088337652,8.09066653198966,NA,3010,NA,NA,NA,NA,NA
"197","PC019-453","PC019",3016,-1066,NA,NA,NA,NA,NA,NA,NA,NA,NA,NA,NA,NA,NA,NA,NA,NA,NA,NA,-1066,3016,8.97141064388194,0.136145667379795,9.23825615194634,8.70456513581754,8.95752582778946,-1066,3016,8.06641792866747,0.0950783996676907,8.25277159201614,7.88006426531879,8.09247095350472,NA,3016,NA,NA,NA,NA,NA
"198","PC019-454","PC019",3021,-1071,NA,NA,NA,NA,NA,NA,NA,NA,NA,NA,NA,NA,NA,NA,NA,NA,NA,NA,-1071,3021,8.99109114638406,0.136028130523076,9.25770628220929,8.72447601055883,8.95408385863271,-1071,3021,8.06725493436481,0.0950535968818971,8.25355998425333,7.88094988447629,8.09391166419681,NA,3021,NA,NA,NA,NA,NA
"199","PC019-455","PC019",3027,-1077,NA,NA,NA,NA,NA,NA,NA,NA,NA,NA,NA,NA,NA,NA,NA,NA,NA,NA,-1077,3027,9.01319941201097,0.135973414164849,9.27970730377408,8.74669152024787,8.95000752467285,-1077,3027,8.06823810987025,0.0950240471200721,8.25448524222559,7.8819909775149,8.09557375429862,NA,3027,NA,NA,NA,NA,NA
"200","PC019-456","PC019",3032,-1082,NA,NA,NA,NA,NA,NA,NA,NA,NA,NA,NA,NA,NA,NA,NA,NA,NA,NA,-1082,3032,9.03024290442528,0.135998721389341,9.29680039834839,8.76368541050218,8.94650799576405,-1082,3032,8.06903939471393,0.0949997539352767,8.25523891242707,7.88283987700079,8.09691093522369,NA,3032,NA,NA,NA,NA,NA
"201","PC019-457","PC019",3037,-1087,NA,NA,NA,NA,NA,NA,NA,NA,NA,NA,NA,NA,NA,NA,NA,NA,NA,NA,-1087,3037,9.04593910329268,0.136080901028327,9.3126576693082,8.77922053727716,8.94292550153616,-1087,3037,8.0698239855768,0.0949758214018786,8.25597659552449,7.88367137562912,8.09821140935815,NA,3037,NA,NA,NA,NA,NA
"202","PC019-458","PC019",3042,-1092,NA,NA,NA,NA,NA,NA,NA,NA,NA,NA,NA,NA,NA,NA,NA,NA,NA,NA,-1092,3042,9.06021265486184,0.136203921427069,9.32717234085889,8.79325296886478,8.93929446880545,-1092,3042,8.07059159669065,0.094952225990277,8.2566979596316,7.88448523374971,8.09948159892871,NA,3042,NA,NA,NA,NA,NA
"203","PC019-459","PC019",3047,-1097,NA,NA,NA,NA,NA,NA,NA,NA,NA,NA,NA,NA,NA,NA,NA,NA,NA,NA,-1097,3047,9.07300768853071,0.136350873672126,9.34025540092808,8.80575997613335,8.93579664322697,-1097,3047,8.0713419422872,0.0949288715809817,8.25740253058592,7.88528135398848,8.10072891304113,NA,3047,NA,NA,NA,NA,NA
"204","PC019-460","PC019",3053,-1103,NA,NA,NA,NA,NA,NA,NA,NA,NA,NA,NA,NA,NA,NA,NA,NA,NA,NA,-1103,3053,9.08635919742153,0.136536969120697,9.3539716568981,8.81874673794496,8.93172329555551,-1103,3053,8.07221916415872,0.0949009349395308,8.2582249966402,7.88621333167724,8.10220640252297,NA,3053,NA,NA,NA,NA,NA
"205","PC022-39","PC022",6442,-4492,NA,NA,NA,NA,NA,NA,NA,NA,NA,NA,NA,NA,NA,NA,NA,NA,NA,NA,-4492,6442,8.99751490716903,0.137758733559976,9.26752202494658,8.72750778939148,9.25138564175638,-4492,6442,8.61042817186409,0.0884826364075716,8.78385413922293,8.43700220450525,8.60456504233584,NA,6442,NA,NA,NA,NA,NA
"206","PC022-40","PC022",6513,-4563,NA,NA,NA,NA,NA,NA,NA,NA,NA,NA,NA,NA,NA,NA,NA,NA,NA,NA,-4563,6513,9.42105163157045,0.137639643455177,9.6908253327426,9.1512779303983,9.28873150631974,-4563,6513,8.64596129398021,0.0886237591474968,8.8196638619093,8.47225872605111,8.64130684772679,NA,6513,NA,NA,NA,NA,NA
"207","PC022-41","PC022",6582,-4632,NA,NA,NA,NA,NA,NA,NA,NA,NA,NA,NA,NA,NA,NA,NA,NA,NA,NA,-4632,6582,9.42014642941031,0.138765170356679,9.6921261633094,9.14816669551122,9.33467759600285,-4632,6582,8.68512128026377,0.0888231970101706,8.85921474640371,8.51102781412384,8.68027654186051,NA,6582,NA,NA,NA,NA,NA
"208","PC022-42","PC022",6652,-4702,NA,NA,NA,NA,NA,NA,NA,NA,NA,NA,NA,NA,NA,NA,NA,NA,NA,NA,-4702,6652,9.26740346596338,0.137741656490695,9.53737711268515,8.99742981924162,9.37690467997841,-4702,6652,8.72961928558043,0.0890625440023458,8.90418187182503,8.55505669933583,8.72785902516941,NA,6652,NA,NA,NA,NA,NA
"209","PC022-43","PC022",6722,-4772,NA,NA,NA,NA,NA,NA,NA,NA,NA,NA,NA,NA,NA,NA,NA,NA,NA,NA,-4772,6722,9.48404056671375,0.13473757736558,9.74812621835029,9.21995491507721,9.42770460529126,-4772,6722,8.77803142853982,0.0893119912493055,8.95308293138846,8.60297992569118,8.7723786555434,NA,6722,NA,NA,NA,NA,NA
"210","PC022-44","PC022",6792,-4842,NA,NA,NA,NA,NA,NA,NA,NA,NA,NA,NA,NA,NA,NA,NA,NA,NA,NA,-4842,6792,9.59728725583897,0.135668274089961,9.8631970730553,9.33137743862265,9.47466575352356,-4842,6792,8.82954744412572,0.0895466408768112,9.00505886024427,8.65403602800717,8.80598108988207,NA,6792,NA,NA,NA,NA,NA
"211","PC022-45","PC022",6861,-4911,NA,NA,NA,NA,NA,NA,NA,NA,NA,NA,NA,NA,NA,NA,NA,NA,NA,NA,-4911,6861,9.41190758795153,0.132656410194599,9.67191415193294,9.15190102397011,9.52125917426987,-4911,6861,8.88347628085072,0.0897495341240902,9.05938536773394,8.70756719396751,8.83657344819535,NA,6861,NA,NA,NA,NA,NA
"212","PC022-46","PC022",6929,-4979,NA,NA,NA,NA,NA,NA,NA,NA,NA,NA,NA,NA,NA,NA,NA,NA,NA,NA,-4979,6929,9.34503133421225,0.133842282907892,9.60736220871172,9.08270045971278,9.5878950363404,-4979,6929,8.93985790296684,0.0899201435144353,9.11610138425513,8.76361442167854,8.88151744360016,NA,6929,NA,NA,NA,NA,NA
"213","PC022-47","PC022",6997,-5047,NA,NA,NA,NA,NA,NA,NA,NA,NA,NA,NA,NA,NA,NA,NA,NA,NA,NA,-5047,6997,9.54813815253756,0.138206992738244,9.81902385830452,9.2772524467706,9.64662292441477,-5047,6997,8.998909949162,0.0900563393034492,9.17542037419675,8.82239952412723,8.93937076834283,NA,6997,NA,NA,NA,NA,NA
"214","PC022-48","PC022",7065,-5115,NA,NA,NA,NA,NA,NA,NA,NA,NA,NA,NA,NA,NA,NA,NA,NA,NA,NA,-5115,7065,9.64519017510086,0.138492946089594,9.91663634943647,9.37374400076526,9.70187009940188,-5115,7065,9.05924219509115,0.0901624865108982,9.23596066865251,8.88252372152979,8.99829994072157,NA,7065,NA,NA,NA,NA,NA
"215","PC022-49","PC022",7133,-5183,NA,NA,NA,NA,NA,NA,NA,NA,NA,NA,NA,NA,NA,NA,NA,NA,NA,NA,-5183,7133,9.48999097672544,0.127244359418344,9.73938992118539,9.24059203226548,9.75700817831038,-5183,7133,9.11910460368536,0.0902455311137894,9.29598584466839,8.94222336270234,9.0638526934165,NA,7133,NA,NA,NA,NA,NA
"216","PC022-50","PC022",7200,-5250,NA,NA,NA,NA,NA,NA,NA,NA,NA,NA,NA,NA,NA,NA,NA,NA,NA,NA,-5250,7200,9.9161895342322,0.122014237110398,10.1553374389686,9.67704162949582,9.80295101281539,-5250,7200,9.1762494563497,0.0903029783529816,9.35324329392155,8.99925561877786,9.13285556712588,NA,7200,NA,NA,NA,NA,NA
"217","PC022-51","PC022",7356,-5406,NA,NA,NA,NA,NA,NA,NA,NA,NA,NA,NA,NA,NA,NA,NA,NA,NA,NA,-5406,7356,10.4453938902169,0.122122217784225,10.684753437074,10.2060343433599,9.91080585450097,-5406,7356,9.29181312389359,0.0903795040386568,9.46895695180936,9.11466929597782,9.32419209776818,NA,7356,NA,NA,NA,NA,NA
"218","PC022-52","PC022",7512,-5562,NA,NA,NA,NA,NA,NA,NA,NA,NA,NA,NA,NA,NA,NA,NA,NA,NA,NA,-5562,7512,9.46116117375528,0.121515954623916,9.69933244481816,9.2229899026924,9.93503627578395,-5562,7512,9.35854709723713,0.0904182969952317,9.53576695934778,9.18132723512647,9.4641026980635,NA,7512,NA,NA,NA,NA,NA
"219","PC022-80","PC022",11328,-9378,NA,NA,NA,NA,NA,NA,NA,NA,NA,NA,NA,NA,NA,NA,NA,NA,NA,NA,-9378,NA,NA,NA,NA,NA,NA,-9378,NA,NA,NA,NA,NA,NA,NA,11328,NA,NA,NA,NA,NA
"220","PC022-81","PC022",11460,-9510,NA,NA,NA,NA,NA,NA,NA,NA,NA,NA,NA,NA,NA,NA,NA,NA,NA,NA,-9510,NA,NA,NA,NA,NA,NA,-9510,NA,NA,NA,NA,NA,NA,NA,11460,NA,NA,NA,NA,NA
"221","PC022-82","PC022",11592,-9642,NA,NA,NA,NA,NA,NA,NA,NA,NA,NA,NA,NA,NA,NA,NA,NA,NA,NA,-9642,NA,NA,NA,NA,NA,NA,-9642,NA,NA,NA,NA,NA,NA,NA,11592,NA,NA,NA,NA,NA
"222","PC022-83","PC022",11725,-9775,NA,NA,NA,NA,NA,NA,NA,NA,NA,NA,NA,NA,NA,NA,NA,NA,NA,NA,-9775,NA,NA,NA,NA,NA,NA,-9775,NA,NA,NA,NA,NA,NA,NA,11725,NA,NA,NA,NA,NA
"223","PC022-84","PC022",11857,-9907,NA,NA,NA,NA,NA,NA,NA,NA,NA,NA,NA,NA,NA,NA,NA,NA,NA,NA,-9907,NA,NA,NA,NA,NA,NA,-9907,NA,NA,NA,NA,NA,NA,NA,11857,NA,NA,NA,NA,NA
"224","PC022-85","PC022",11990,-10040,NA,NA,NA,NA,NA,NA,NA,NA,NA,NA,NA,NA,NA,NA,NA,NA,NA,NA,-10040,NA,NA,NA,NA,NA,NA,-10040,NA,NA,NA,NA,NA,NA,NA,11990,NA,NA,NA,NA,NA
"225","PC022-86","PC022",12103,-10153,NA,NA,NA,NA,NA,NA,NA,NA,NA,NA,NA,NA,NA,NA,NA,NA,NA,NA,-10153,NA,NA,NA,NA,NA,NA,-10153,NA,NA,NA,NA,NA,NA,NA,12103,NA,NA,NA,NA,NA
"226","PC022-87","PC022",12217,-10267,NA,NA,NA,NA,NA,NA,NA,NA,NA,NA,NA,NA,NA,NA,NA,NA,NA,NA,-10267,NA,NA,NA,NA,NA,NA,-10267,NA,NA,NA,NA,NA,NA,NA,12217,NA,NA,NA,NA,NA
"227","PC022-88","PC022",12331,-10381,NA,NA,NA,NA,NA,NA,NA,NA,NA,NA,NA,NA,NA,NA,NA,NA,NA,NA,-10381,NA,NA,NA,NA,NA,NA,-10381,NA,NA,NA,NA,NA,NA,NA,12331,NA,NA,NA,NA,NA
"228","PC022-89","PC022",12445,-10495,NA,NA,NA,NA,NA,NA,NA,NA,NA,NA,NA,NA,NA,NA,NA,NA,NA,NA,-10495,NA,NA,NA,NA,NA,NA,-10495,NA,NA,NA,NA,NA,NA,NA,12445,NA,NA,NA,NA,NA
"229","PC022-90","PC022",12559,-10609,NA,NA,NA,NA,NA,NA,NA,NA,NA,NA,NA,NA,NA,NA,NA,NA,NA,NA,-10609,NA,NA,NA,NA,NA,NA,-10609,NA,NA,NA,NA,NA,NA,NA,12559,NA,NA,NA,NA,NA
"230","PC022-119","PC022",15855,-13905,NA,NA,NA,NA,NA,NA,NA,NA,NA,NA,NA,NA,NA,NA,NA,NA,NA,NA,-13905,NA,NA,NA,NA,NA,NA,-13905,NA,NA,NA,NA,NA,NA,NA,15855,NA,NA,NA,NA,NA
"231","PC022-120","PC022",15956,-14006,NA,NA,NA,NA,NA,NA,NA,NA,NA,NA,NA,NA,NA,NA,NA,NA,NA,NA,-14006,NA,NA,NA,NA,NA,NA,-14006,NA,NA,NA,NA,NA,NA,NA,15956,NA,NA,NA,NA,NA
"232","PC022-121","PC022",16057,-14107,NA,NA,NA,NA,NA,NA,NA,NA,NA,NA,NA,NA,NA,NA,NA,NA,NA,NA,-14107,NA,NA,NA,NA,NA,NA,-14107,NA,NA,NA,NA,NA,NA,NA,16057,NA,NA,NA,NA,NA
"233","PC022-122","PC022",16157,-14207,NA,NA,NA,NA,NA,NA,NA,NA,NA,NA,NA,NA,NA,NA,NA,NA,NA,NA,-14207,NA,NA,NA,NA,NA,NA,-14207,NA,NA,NA,NA,NA,NA,NA,16157,NA,NA,NA,NA,NA
"234","PC022-123","PC022",16258,-14308,NA,NA,NA,NA,NA,NA,NA,NA,NA,NA,NA,NA,NA,NA,NA,NA,NA,NA,-14308,NA,NA,NA,NA,NA,NA,-14308,NA,NA,NA,NA,NA,NA,NA,16258,NA,NA,NA,NA,NA
"235","PC022-124","PC022",16358,-14408,NA,NA,NA,NA,NA,NA,NA,NA,NA,NA,NA,NA,NA,NA,NA,NA,NA,NA,-14408,NA,NA,NA,NA,NA,NA,-14408,NA,NA,NA,NA,NA,NA,NA,16358,NA,NA,NA,NA,NA
"236","PC022-125","PC022",16459,-14509,NA,NA,NA,NA,NA,NA,NA,NA,NA,NA,NA,NA,NA,NA,NA,NA,NA,NA,-14509,NA,NA,NA,NA,NA,NA,-14509,NA,NA,NA,NA,NA,NA,NA,16459,NA,NA,NA,NA,NA
"237","PC022-126","PC022",16559,-14609,NA,NA,NA,NA,NA,NA,NA,NA,NA,NA,NA,NA,NA,NA,NA,NA,NA,NA,-14609,NA,NA,NA,NA,NA,NA,-14609,NA,NA,NA,NA,NA,NA,NA,16559,NA,NA,NA,NA,NA
"238","PC022-127","PC022",16660,-14710,NA,NA,NA,NA,NA,NA,NA,NA,NA,NA,NA,NA,NA,NA,NA,NA,NA,NA,-14710,NA,NA,NA,NA,NA,NA,-14710,NA,NA,NA,NA,NA,NA,NA,16660,NA,NA,NA,NA,NA
"239","PC022-128","PC022",16761,-14811,NA,NA,NA,NA,NA,NA,NA,NA,NA,NA,NA,NA,NA,NA,NA,NA,NA,NA,-14811,NA,NA,NA,NA,NA,NA,-14811,NA,NA,NA,NA,NA,NA,NA,16761,NA,NA,NA,NA,NA
"240","PC022-129","PC022",16861,-14911,NA,NA,NA,NA,NA,NA,NA,NA,NA,NA,NA,NA,NA,NA,NA,NA,NA,NA,-14911,NA,NA,NA,NA,NA,NA,-14911,NA,NA,NA,NA,NA,NA,NA,16861,NA,NA,NA,NA,NA
